tbl,Year,quarter,citymarketid_Dept,citymarketid_Arriv,Departure_city,Arrival_city,Airportid_Departure,Airportid_Arrival,D_airport_code,A_airport_code,Non_stop_Miles,passengers,fare,carrier_lg,large_ms,fare_lg,carrier_low,lf_ms,fare_low,Geocoded_Departure,Geocoded_Arrival,tbl1apk
Table1a,2018,4,32575,33195,"Los Angeles, CA (Metropolitan Area)","Tampa, FL (Metropolitan Area)",12892,15304,LAX,TPA,2158,792,296.07,DL,0.3715,368.4,WN,0.338,241.02,"Los Angeles, CA (Metropolitan Area)
(34.052238, -118.243344)",,201841289215304LAXTPA
Table1a,2018,4,32575,30559,"Los Angeles, CA (Metropolitan Area)","Seattle, WA",12892,14747,LAX,SEA,978,4151,177.68,AS,0.5631,169.76,AS,0.5631,169.76,"Los Angeles, CA (Metropolitan Area)
(34.052238, -118.243344)",,201841289214747LAXSEA
Table1a,2018,4,32575,30852,"Los Angeles, CA (Metropolitan Area)","Washington, DC (Metropolitan Area)",12892,12264,LAX,IAD,2329,2059,310.32,UA,0.5517,357.82,AS,0.2095,226.8,"Los Angeles, CA (Metropolitan Area)
(34.052238, -118.243344)",,201841289212264LAXIAD
Table1a,2018,4,32575,30852,"Los Angeles, CA (Metropolitan Area)","Washington, DC (Metropolitan Area)",12892,11278,LAX,DCA,2329,1388,305.38,AA,0.4535,321.18,AS,0.202,260.36,"Los Angeles, CA (Metropolitan Area)
(34.052238, -118.243344)",,201841289211278LAXDCA
Table1a,2018,4,32575,30852,"Los Angeles, CA (Metropolitan Area)","Washington, DC (Metropolitan Area)",12892,10821,LAX,BWI,2329,1605,221.51,WN,0.4442,242.89,NK,0.1541,123.65,"Los Angeles, CA (Metropolitan Area)
(34.052238, -118.243344)",,201841289210821LAXBWI
Table1a,2018,4,32575,30852,"Los Angeles, CA (Metropolitan Area)","Washington, DC (Metropolitan Area)",10800,10821,BUR,BWI,2329,51,281.68,WN,0.8174,265.32,WN,0.8174,265.32,"Los Angeles, CA (Metropolitan Area)
(34.052238, -118.243344)",,201841080010821BURBWI
Table1a,2018,4,32575,30852,"Los Angeles, CA (Metropolitan Area)","Washington, DC (Metropolitan Area)",10800,11278,BUR,DCA,2329,18,337.78,WN,0.4464,264.13,WN,0.4464,264.13,"Los Angeles, CA (Metropolitan Area)
(34.052238, -118.243344)",,201841080011278BURDCA
Table1a,2018,4,32575,30852,"Los Angeles, CA (Metropolitan Area)","Washington, DC (Metropolitan Area)",10800,12264,BUR,IAD,2329,16,312.92,UA,0.5608,339.25,WN,0.3108,264.27,"Los Angeles, CA (Metropolitan Area)
(34.052238, -118.243344)",,201841080012264BURIAD
Table1a,2018,4,32575,30559,"Los Angeles, CA (Metropolitan Area)","Seattle, WA",10800,14747,BUR,SEA,978,963,184.48,AS,0.7926,189.78,WN,0.1412,159.81,"Los Angeles, CA (Metropolitan Area)
(34.052238, -118.243344)",,201841080014747BURSEA
Table1a,2018,4,32575,33195,"Los Angeles, CA (Metropolitan Area)","Tampa, FL (Metropolitan Area)",10800,15304,BUR,TPA,2158,35,300.37,WN,0.6978,266.6,WN,0.6978,266.6,"Los Angeles, CA (Metropolitan Area)
(34.052238, -118.243344)",,201841080015304BURTPA
Table1a,2018,4,32575,33195,"Los Angeles, CA (Metropolitan Area)","Tampa, FL (Metropolitan Area)",13891,15304,ONT,TPA,2158,61,302.79,AA,0.4811,322.3,WN,0.4022,271.58,"Los Angeles, CA (Metropolitan Area)
(34.052238, -118.243344)",,201841389115304ONTTPA
Table1a,2018,4,32575,30559,"Los Angeles, CA (Metropolitan Area)","Seattle, WA",14908,14747,SNA,SEA,978,2073,188.01,AS,0.7614,186.28,AS,0.7614,186.28,"Los Angeles, CA (Metropolitan Area)
(34.052238, -118.243344)",,201841490814747SNASEA
Table1a,2018,4,32575,33195,"Los Angeles, CA (Metropolitan Area)","Tampa, FL (Metropolitan Area)",14908,15304,SNA,TPA,2158,122,336.13,AA,0.3662,363.39,WN,0.1671,301.0,"Los Angeles, CA (Metropolitan Area)
(34.052238, -118.243344)",,201841490815304SNATPA
Table1a,2018,4,32575,33195,"Los Angeles, CA (Metropolitan Area)","Tampa, FL (Metropolitan Area)",12954,15304,LGB,TPA,2158,7,314.95,WN,0.4062,266.98,WN,0.4062,266.98,"Los Angeles, CA (Metropolitan Area)
(34.052238, -118.243344)",,201841295415304LGBTPA
Table1a,2018,4,32575,30559,"Los Angeles, CA (Metropolitan Area)","Seattle, WA",12954,14747,LGB,SEA,978,292,168.73,B6,0.8015,169.93,WN,0.161,155.33,"Los Angeles, CA (Metropolitan Area)
(34.052238, -118.243344)",,201841295414747LGBSEA
Table1a,2018,4,32575,30852,"Los Angeles, CA (Metropolitan Area)","Washington, DC (Metropolitan Area)",14908,12264,SNA,IAD,2329,86,368.96,UA,0.5296,368.29,UA,0.5296,368.29,"Los Angeles, CA (Metropolitan Area)
(34.052238, -118.243344)",,201841490812264SNAIAD
Table1a,2018,4,32575,30852,"Los Angeles, CA (Metropolitan Area)","Washington, DC (Metropolitan Area)",14908,11278,SNA,DCA,2329,158,374.41,AA,0.4497,392.64,UA,0.2886,344.65,"Los Angeles, CA (Metropolitan Area)
(34.052238, -118.243344)",,201841490811278SNADCA
Table1a,2018,4,32575,30852,"Los Angeles, CA (Metropolitan Area)","Washington, DC (Metropolitan Area)",14908,10821,SNA,BWI,2329,111,342.06,WN,0.4373,313.68,WN,0.4373,313.68,"Los Angeles, CA (Metropolitan Area)
(34.052238, -118.243344)",,201841490810821SNABWI
Table1a,2018,4,32575,30852,"Los Angeles, CA (Metropolitan Area)","Washington, DC (Metropolitan Area)",12954,12264,LGB,IAD,2329,6,257.0,DL,0.4074,262.59,WN,0.1111,172.83,"Los Angeles, CA (Metropolitan Area)
(34.052238, -118.243344)",,201841295412264LGBIAD
Table1a,2018,4,32575,30852,"Los Angeles, CA (Metropolitan Area)","Washington, DC (Metropolitan Area)",12954,11278,LGB,DCA,2329,20,252.35,AA,0.5978,233.63,AA,0.5978,233.63,"Los Angeles, CA (Metropolitan Area)
(34.052238, -118.243344)",,201841295411278LGBDCA
Table1a,2018,4,32575,30852,"Los Angeles, CA (Metropolitan Area)","Washington, DC (Metropolitan Area)",12954,10821,LGB,BWI,2329,17,268.95,WN,0.5833,260.3,B6,0.1667,216.87,"Los Angeles, CA (Metropolitan Area)
(34.052238, -118.243344)",,201841295410821LGBBWI
Table1a,2018,4,32575,30852,"Los Angeles, CA (Metropolitan Area)","Washington, DC (Metropolitan Area)",13891,12264,ONT,IAD,2329,49,299.25,UA,0.46,301.71,WN,0.2044,256.17,"Los Angeles, CA (Metropolitan Area)
(34.052238, -118.243344)",,201841389112264ONTIAD
Table1a,2018,4,32575,30852,"Los Angeles, CA (Metropolitan Area)","Washington, DC (Metropolitan Area)",13891,11278,ONT,DCA,2329,78,341.91,AA,0.549,391.6,WN,0.2353,290.29,"Los Angeles, CA (Metropolitan Area)
(34.052238, -118.243344)",,201841389111278ONTDCA
Table1a,2018,4,32575,30852,"Los Angeles, CA (Metropolitan Area)","Washington, DC (Metropolitan Area)",13891,10821,ONT,BWI,2329,89,291.25,WN,0.6114,261.41,WN,0.6114,261.41,"Los Angeles, CA (Metropolitan Area)
(34.052238, -118.243344)",,201841389110821ONTBWI
Table1a,2018,4,32575,30559,"Los Angeles, CA (Metropolitan Area)","Seattle, WA",13891,14747,ONT,SEA,978,765,181.64,AS,0.6927,183.19,WN,0.1877,172.93,"Los Angeles, CA (Metropolitan Area)
(34.052238, -118.243344)",,201841389114747ONTSEA
Table1a,2018,3,32575,30852,"Los Angeles, CA (Metropolitan Area)","Washington, DC (Metropolitan Area)",12954,12264,LGB,IAD,2329,5,251.96,DL,0.4773,260.52,AA,0.25,218.55,"Los Angeles, CA (Metropolitan Area)
(34.052238, -118.243344)",,201831295412264LGBIAD
Table1a,2018,3,32575,30852,"Los Angeles, CA (Metropolitan Area)","Washington, DC (Metropolitan Area)",12954,11278,LGB,DCA,2329,15,263.76,AA,0.4851,244.65,AA,0.4851,244.65,"Los Angeles, CA (Metropolitan Area)
(34.052238, -118.243344)",,201831295411278LGBDCA
Table1a,2018,3,32575,30852,"Los Angeles, CA (Metropolitan Area)","Washington, DC (Metropolitan Area)",12954,10821,LGB,BWI,2329,13,291.38,AA,0.395,333.22,WN,0.3529,236.19,"Los Angeles, CA (Metropolitan Area)
(34.052238, -118.243344)",,201831295410821LGBBWI
Table1a,2018,3,32575,33195,"Los Angeles, CA (Metropolitan Area)","Tampa, FL (Metropolitan Area)",12892,15304,LAX,TPA,2158,773,243.53,DL,0.4486,298.07,NK,0.2152,117.6,"Los Angeles, CA (Metropolitan Area)
(34.052238, -118.243344)",,201831289215304LAXTPA
Table1a,2018,3,32575,30559,"Los Angeles, CA (Metropolitan Area)","Seattle, WA",12892,14747,LAX,SEA,978,4746,171.07,AS,0.558,163.04,AS,0.558,163.04,"Los Angeles, CA (Metropolitan Area)
(34.052238, -118.243344)",,201831289214747LAXSEA
Table1a,2018,3,32575,30559,"Los Angeles, CA (Metropolitan Area)","Seattle, WA",13891,14747,ONT,SEA,978,855,182.83,AS,0.7044,184.17,WN,0.1718,183.88,"Los Angeles, CA (Metropolitan Area)
(34.052238, -118.243344)",,201831389114747ONTSEA
Table1a,2018,3,32575,30852,"Los Angeles, CA (Metropolitan Area)","Washington, DC (Metropolitan Area)",13891,12264,ONT,IAD,2329,39,313.75,UA,0.433,315.31,WN,0.1872,287.44,"Los Angeles, CA (Metropolitan Area)
(34.052238, -118.243344)",,201831389112264ONTIAD
Table1a,2018,3,32575,30559,"Los Angeles, CA (Metropolitan Area)","Seattle, WA",10800,14747,BUR,SEA,978,1073,175.13,AS,0.8118,177.83,WN,0.1184,161.27,"Los Angeles, CA (Metropolitan Area)
(34.052238, -118.243344)",,201831080014747BURSEA
Table1a,2018,3,32575,33195,"Los Angeles, CA (Metropolitan Area)","Tampa, FL (Metropolitan Area)",10800,15304,BUR,TPA,2158,31,262.15,WN,0.7368,246.0,WN,0.7368,246.0,"Los Angeles, CA (Metropolitan Area)
(34.052238, -118.243344)",,201831080015304BURTPA
Table1a,2018,3,32575,30852,"Los Angeles, CA (Metropolitan Area)","Washington, DC (Metropolitan Area)",14908,10821,SNA,BWI,2329,125,318.46,WN,0.4939,292.16,WN,0.4939,292.16,"Los Angeles, CA (Metropolitan Area)
(34.052238, -118.243344)",,201831490810821SNABWI
Table1a,2018,3,32575,30852,"Los Angeles, CA (Metropolitan Area)","Washington, DC (Metropolitan Area)",14908,11278,SNA,DCA,2329,157,351.23,UA,0.3267,300.8,UA,0.3267,300.8,"Los Angeles, CA (Metropolitan Area)
(34.052238, -118.243344)",,201831490811278SNADCA
Table1a,2018,3,32575,30852,"Los Angeles, CA (Metropolitan Area)","Washington, DC (Metropolitan Area)",14908,12264,SNA,IAD,2329,90,324.58,UA,0.5448,325.65,UA,0.5448,325.65,"Los Angeles, CA (Metropolitan Area)
(34.052238, -118.243344)",,201831490812264SNAIAD
Table1a,2018,3,32575,30852,"Los Angeles, CA (Metropolitan Area)","Washington, DC (Metropolitan Area)",13891,10821,ONT,BWI,2329,105,271.03,WN,0.6085,252.07,WN,0.6085,252.07,"Los Angeles, CA (Metropolitan Area)
(34.052238, -118.243344)",,201831389110821ONTBWI
Table1a,2018,3,32575,30559,"Los Angeles, CA (Metropolitan Area)","Seattle, WA",14908,14747,SNA,SEA,978,2175,183.61,AS,0.7358,180.07,AS,0.7358,180.07,"Los Angeles, CA (Metropolitan Area)
(34.052238, -118.243344)",,201831490814747SNASEA
Table1a,2018,3,32575,33195,"Los Angeles, CA (Metropolitan Area)","Tampa, FL (Metropolitan Area)",13891,15304,ONT,TPA,2158,53,289.98,WN,0.4753,255.35,WN,0.4753,255.35,"Los Angeles, CA (Metropolitan Area)
(34.052238, -118.243344)",,201831389115304ONTTPA
Table1a,2018,3,32575,30852,"Los Angeles, CA (Metropolitan Area)","Washington, DC (Metropolitan Area)",12892,10821,LAX,BWI,2329,1739,215.59,WN,0.431,244.63,NK,0.1919,123.06,"Los Angeles, CA (Metropolitan Area)
(34.052238, -118.243344)",,201831289210821LAXBWI
Table1a,2018,3,32575,30852,"Los Angeles, CA (Metropolitan Area)","Washington, DC (Metropolitan Area)",12892,11278,LAX,DCA,2329,1353,301.51,AA,0.4461,320.81,AS,0.199,252.27,"Los Angeles, CA (Metropolitan Area)
(34.052238, -118.243344)",,201831289211278LAXDCA
Table1a,2018,3,32575,30852,"Los Angeles, CA (Metropolitan Area)","Washington, DC (Metropolitan Area)",10800,10821,BUR,BWI,2329,43,272.27,WN,0.8265,260.5,WN,0.8265,260.5,"Los Angeles, CA (Metropolitan Area)
(34.052238, -118.243344)",,201831080010821BURBWI
Table1a,2018,3,32575,30852,"Los Angeles, CA (Metropolitan Area)","Washington, DC (Metropolitan Area)",13891,11278,ONT,DCA,2329,85,349.19,AA,0.5873,372.91,WN,0.2025,308.97,"Los Angeles, CA (Metropolitan Area)
(34.052238, -118.243344)",,201831389111278ONTDCA
Table1a,2018,3,32575,33195,"Los Angeles, CA (Metropolitan Area)","Tampa, FL (Metropolitan Area)",12954,15304,LGB,TPA,2158,5,276.51,AA,0.5106,299.24,DL,0.1702,271.25,"Los Angeles, CA (Metropolitan Area)
(34.052238, -118.243344)",,201831295415304LGBTPA
Table1a,2018,3,32575,30852,"Los Angeles, CA (Metropolitan Area)","Washington, DC (Metropolitan Area)",10800,11278,BUR,DCA,2329,14,320.96,AA,0.3053,383.2,WN,0.2595,262.36,"Los Angeles, CA (Metropolitan Area)
(34.052238, -118.243344)",,201831080011278BURDCA
Table1a,2018,3,32575,30559,"Los Angeles, CA (Metropolitan Area)","Seattle, WA",12954,14747,LGB,SEA,978,403,175.28,B6,0.8548,176.22,WN,0.1043,161.02,"Los Angeles, CA (Metropolitan Area)
(34.052238, -118.243344)",,201831295414747LGBSEA
Table1a,2018,3,32575,30852,"Los Angeles, CA (Metropolitan Area)","Washington, DC (Metropolitan Area)",10800,12264,BUR,IAD,2329,19,285.11,UA,0.5116,296.47,WN,0.3488,272.6,"Los Angeles, CA (Metropolitan Area)
(34.052238, -118.243344)",,201831080012264BURIAD
Table1a,2018,3,32575,30852,"Los Angeles, CA (Metropolitan Area)","Washington, DC (Metropolitan Area)",12892,12264,LAX,IAD,2329,2015,298.46,UA,0.5682,331.93,AS,0.2031,222.37,"Los Angeles, CA (Metropolitan Area)
(34.052238, -118.243344)",,201831289212264LAXIAD
Table1a,2018,3,32575,33195,"Los Angeles, CA (Metropolitan Area)","Tampa, FL (Metropolitan Area)",14908,15304,SNA,TPA,2158,112,329.78,AA,0.3052,370.76,WN,0.2703,287.81,"Los Angeles, CA (Metropolitan Area)
(34.052238, -118.243344)",,201831490815304SNATPA
Table 1a,2018,2,32575,30852,"Los Angeles, CA (Metropolitan Area)","Washington, DC (Metropolitan Area)",14908,11278,SNA,DCA,2329,175,356.85,AA,0.3122,436.59,UA,0.3016,332.5,"Los Angeles, CA (Metropolitan Area)
(34.052238, -118.243344)","Washington, DC (Metropolitan Area)
(38.892062, -77.019912)",201821490811278SNADCA
Table 1a,2018,2,32575,30852,"Los Angeles, CA (Metropolitan Area)","Washington, DC (Metropolitan Area)",14908,10821,SNA,BWI,2329,131,349.82,WN,0.4866,312.9,WN,0.4866,312.9,"Los Angeles, CA (Metropolitan Area)
(34.052238, -118.243344)","Washington, DC (Metropolitan Area)
(38.892062, -77.019912)",201821490810821SNABWI
Table 1a,2018,2,32575,30559,"Los Angeles, CA (Metropolitan Area)","Seattle, WA",13891,14747,ONT,SEA,978,862,163.84,AS,0.7276,162.17,AS,0.7276,162.17,"Los Angeles, CA (Metropolitan Area)
(34.052238, -118.243344)","Seattle, WA
(47.603229, -122.33028)",201821389114747ONTSEA
Table 1a,2018,2,32575,33195,"Los Angeles, CA (Metropolitan Area)","Tampa, FL (Metropolitan Area)",13891,15304,ONT,TPA,2158,73,300.73,WN,0.4404,277.59,WN,0.4404,277.59,"Los Angeles, CA (Metropolitan Area)
(34.052238, -118.243344)","Tampa, FL (Metropolitan Area)
(37.8606, -78.804199)",201821389115304ONTTPA
Table 1a,2018,2,32575,33195,"Los Angeles, CA (Metropolitan Area)","Tampa, FL (Metropolitan Area)",12892,15304,LAX,TPA,2158,745,258.58,DL,0.4848,306.5,NK,0.2158,109.97,"Los Angeles, CA (Metropolitan Area)
(34.052238, -118.243344)","Tampa, FL (Metropolitan Area)
(37.8606, -78.804199)",201821289215304LAXTPA
Table 1a,2018,2,32575,30559,"Los Angeles, CA (Metropolitan Area)","Seattle, WA",12892,14747,LAX,SEA,978,4920,159.36,AS,0.5575,150.91,AS,0.5575,150.91,"Los Angeles, CA (Metropolitan Area)
(34.052238, -118.243344)","Seattle, WA
(47.603229, -122.33028)",201821289214747LAXSEA
Table 1a,2018,2,32575,30852,"Los Angeles, CA (Metropolitan Area)","Washington, DC (Metropolitan Area)",10800,11278,BUR,DCA,2329,15,338.69,WN,0.3835,290.41,WN,0.3835,290.41,"Los Angeles, CA (Metropolitan Area)
(34.052238, -118.243344)","Washington, DC (Metropolitan Area)
(38.892062, -77.019912)",201821080011278BURDCA
Table 1a,2018,2,32575,30852,"Los Angeles, CA (Metropolitan Area)","Washington, DC (Metropolitan Area)",10800,10821,BUR,BWI,2329,46,273.58,WN,0.7952,261.8,WN,0.7952,261.8,"Los Angeles, CA (Metropolitan Area)
(34.052238, -118.243344)","Washington, DC (Metropolitan Area)
(38.892062, -77.019912)",201821080010821BURBWI
Table 1a,2018,2,32575,30852,"Los Angeles, CA (Metropolitan Area)","Washington, DC (Metropolitan Area)",10800,12264,BUR,IAD,2329,19,332.99,UA,0.7069,337.44,WN,0.2241,295.27,"Los Angeles, CA (Metropolitan Area)
(34.052238, -118.243344)","Washington, DC (Metropolitan Area)
(38.892062, -77.019912)",201821080012264BURIAD
Table 1a,2018,2,32575,33195,"Los Angeles, CA (Metropolitan Area)","Tampa, FL (Metropolitan Area)",10800,15304,BUR,TPA,2158,29,285.88,WN,0.6955,262.21,WN,0.6955,262.21,"Los Angeles, CA (Metropolitan Area)
(34.052238, -118.243344)","Tampa, FL (Metropolitan Area)
(37.8606, -78.804199)",201821080015304BURTPA
Table 1a,2018,2,32575,33195,"Los Angeles, CA (Metropolitan Area)","Tampa, FL (Metropolitan Area)",12954,15304,LGB,TPA,2158,5,337.2,AA,0.8261,322.66,AA,0.8261,322.66,"Los Angeles, CA (Metropolitan Area)
(34.052238, -118.243344)","Tampa, FL (Metropolitan Area)
(37.8606, -78.804199)",201821295415304LGBTPA
Table 1a,2018,2,32575,30559,"Los Angeles, CA (Metropolitan Area)","Seattle, WA",12954,14747,LGB,SEA,978,518,149.92,B6,0.8738,151.51,AA,0.0155,136.88,"Los Angeles, CA (Metropolitan Area)
(34.052238, -118.243344)","Seattle, WA
(47.603229, -122.33028)",201821295414747LGBSEA
Table 1a,2018,2,32575,30852,"Los Angeles, CA (Metropolitan Area)","Washington, DC (Metropolitan Area)",12954,12264,LGB,IAD,2329,5,323.81,B6,0.5455,294.92,B6,0.5455,294.92,"Los Angeles, CA (Metropolitan Area)
(34.052238, -118.243344)","Washington, DC (Metropolitan Area)
(38.892062, -77.019912)",201821295412264LGBIAD
Table 1a,2018,2,32575,30852,"Los Angeles, CA (Metropolitan Area)","Washington, DC (Metropolitan Area)",12954,11278,LGB,DCA,2329,12,315.3,B6,0.581,325.44,AA,0.3714,300.91,"Los Angeles, CA (Metropolitan Area)
(34.052238, -118.243344)","Washington, DC (Metropolitan Area)
(38.892062, -77.019912)",201821295411278LGBDCA
Table 1a,2018,2,32575,30852,"Los Angeles, CA (Metropolitan Area)","Washington, DC (Metropolitan Area)",12954,10821,LGB,BWI,2329,11,308.92,AA,0.4412,323.65,WN,0.3235,264.06,"Los Angeles, CA (Metropolitan Area)
(34.052238, -118.243344)","Washington, DC (Metropolitan Area)
(38.892062, -77.019912)",201821295410821LGBBWI
Table 1a,2018,2,32575,33195,"Los Angeles, CA (Metropolitan Area)","Tampa, FL (Metropolitan Area)",14908,15304,SNA,TPA,2158,120,333.38,UA,0.3,275.7,UA,0.3,275.7,"Los Angeles, CA (Metropolitan Area)
(34.052238, -118.243344)","Tampa, FL (Metropolitan Area)
(37.8606, -78.804199)",201821490815304SNATPA
Table 1a,2018,2,32575,30559,"Los Angeles, CA (Metropolitan Area)","Seattle, WA",14908,14747,SNA,SEA,978,2054,176.74,AS,0.7543,173.28,AS,0.7543,173.28,"Los Angeles, CA (Metropolitan Area)
(34.052238, -118.243344)","Seattle, WA
(47.603229, -122.33028)",201821490814747SNASEA
Table 1a,2018,2,32575,30852,"Los Angeles, CA (Metropolitan Area)","Washington, DC (Metropolitan Area)",13891,10821,ONT,BWI,2329,109,290.37,WN,0.6139,266.65,WN,0.6139,266.65,"Los Angeles, CA (Metropolitan Area)
(34.052238, -118.243344)","Washington, DC (Metropolitan Area)
(38.892062, -77.019912)",201821389110821ONTBWI
Table 1a,2018,2,32575,30852,"Los Angeles, CA (Metropolitan Area)","Washington, DC (Metropolitan Area)",13891,11278,ONT,DCA,2329,87,346.39,AA,0.5819,382.54,WN,0.2154,313.57,"Los Angeles, CA (Metropolitan Area)
(34.052238, -118.243344)","Washington, DC (Metropolitan Area)
(38.892062, -77.019912)",201821389111278ONTDCA
Table 1a,2018,2,32575,30852,"Los Angeles, CA (Metropolitan Area)","Washington, DC (Metropolitan Area)",13891,12264,ONT,IAD,2329,50,307.27,UA,0.362,330.37,F9,0.1744,153.13,"Los Angeles, CA (Metropolitan Area)
(34.052238, -118.243344)","Washington, DC (Metropolitan Area)
(38.892062, -77.019912)",201821389112264ONTIAD
Table 1a,2018,2,32575,30852,"Los Angeles, CA (Metropolitan Area)","Washington, DC (Metropolitan Area)",14908,12264,SNA,IAD,2329,82,342.84,UA,0.484,373.02,F9,0.1093,116.33,"Los Angeles, CA (Metropolitan Area)
(34.052238, -118.243344)","Washington, DC (Metropolitan Area)
(38.892062, -77.019912)",201821490812264SNAIAD
Table 1a,2018,2,32575,30852,"Los Angeles, CA (Metropolitan Area)","Washington, DC (Metropolitan Area)",12892,12264,LAX,IAD,2329,2150,301.97,UA,0.5884,334.14,AS,0.1984,232.43,"Los Angeles, CA (Metropolitan Area)
(34.052238, -118.243344)","Washington, DC (Metropolitan Area)
(38.892062, -77.019912)",201821289212264LAXIAD
Table 1a,2018,2,32575,30852,"Los Angeles, CA (Metropolitan Area)","Washington, DC (Metropolitan Area)",12892,11278,LAX,DCA,2329,1493,312.05,AA,0.4286,328.6,AS,0.1888,263.25,"Los Angeles, CA (Metropolitan Area)
(34.052238, -118.243344)","Washington, DC (Metropolitan Area)
(38.892062, -77.019912)",201821289211278LAXDCA
Table 1a,2018,2,32575,30559,"Los Angeles, CA (Metropolitan Area)","Seattle, WA",10800,14747,BUR,SEA,978,915,168.71,AS,0.7901,173.49,WN,0.1452,152.75,"Los Angeles, CA (Metropolitan Area)
(34.052238, -118.243344)","Seattle, WA
(47.603229, -122.33028)",201821080014747BURSEA
Table 1a,2018,2,32575,30852,"Los Angeles, CA (Metropolitan Area)","Washington, DC (Metropolitan Area)",12892,10821,LAX,BWI,2329,1753,216.12,WN,0.4407,243.96,NK,0.1924,111.67,"Los Angeles, CA (Metropolitan Area)
(34.052238, -118.243344)","Washington, DC (Metropolitan Area)
(38.892062, -77.019912)",201821289210821LAXBWI
Table 1a,2018,1,32575,30852,"Los Angeles, CA (Metropolitan Area)","Washington, DC (Metropolitan Area)",12954,10821,LGB,BWI,2329,8,278.35,AA,0.507,312.21,B6,0.169,201.82,"Los Angeles, CA (Metropolitan Area)
(34.052238, -118.243344)","Washington, DC (Metropolitan Area)
(38.892062, -77.019912)",201811295410821LGBBWI
Table 1a,2018,1,32575,30852,"Los Angeles, CA (Metropolitan Area)","Washington, DC (Metropolitan Area)",12954,11278,LGB,DCA,2329,14,269.36,AA,0.4918,264.06,AA,0.4918,264.06,"Los Angeles, CA (Metropolitan Area)
(34.052238, -118.243344)","Washington, DC (Metropolitan Area)
(38.892062, -77.019912)",201811295411278LGBDCA
Table 1a,2018,1,32575,30852,"Los Angeles, CA (Metropolitan Area)","Washington, DC (Metropolitan Area)",12954,12264,LGB,IAD,2329,3,295.11,B6,0.5357,298.07,DL,0.3214,278.41,"Los Angeles, CA (Metropolitan Area)
(34.052238, -118.243344)","Washington, DC (Metropolitan Area)
(38.892062, -77.019912)",201811295412264LGBIAD
Table 1a,2018,1,32575,33195,"Los Angeles, CA (Metropolitan Area)","Tampa, FL (Metropolitan Area)",14908,15304,SNA,TPA,2158,151,327.1,AA,0.3545,338.94,UA,0.2999,303.87,"Los Angeles, CA (Metropolitan Area)
(34.052238, -118.243344)","Tampa, FL (Metropolitan Area)
(37.8606, -78.804199)",201811490815304SNATPA
Table 1a,2018,1,32575,30559,"Los Angeles, CA (Metropolitan Area)","Seattle, WA",12954,14747,LGB,SEA,978,468,132.3,B6,0.9026,132.55,WN,0.0774,124.63,"Los Angeles, CA (Metropolitan Area)
(34.052238, -118.243344)","Seattle, WA
(47.603229, -122.33028)",201811295414747LGBSEA
Table 1a,2018,1,32575,33195,"Los Angeles, CA (Metropolitan Area)","Tampa, FL (Metropolitan Area)",12954,15304,LGB,TPA,2158,6,326.27,AA,0.7018,339.17,WN,0.1228,263.29,"Los Angeles, CA (Metropolitan Area)
(34.052238, -118.243344)","Tampa, FL (Metropolitan Area)
(37.8606, -78.804199)",201811295415304LGBTPA
Table 1a,2018,1,32575,30559,"Los Angeles, CA (Metropolitan Area)","Seattle, WA",14908,14747,SNA,SEA,978,1733,167.84,AS,0.7444,166.54,AS,0.7444,166.54,"Los Angeles, CA (Metropolitan Area)
(34.052238, -118.243344)","Seattle, WA
(47.603229, -122.33028)",201811490814747SNASEA
Table 1a,2018,1,32575,30852,"Los Angeles, CA (Metropolitan Area)","Washington, DC (Metropolitan Area)",10800,10821,BUR,BWI,2329,31,247.84,WN,0.8231,237.16,WN,0.8231,237.16,"Los Angeles, CA (Metropolitan Area)
(34.052238, -118.243344)","Washington, DC (Metropolitan Area)
(38.892062, -77.019912)",201811080010821BURBWI
Table 1a,2018,1,32575,30852,"Los Angeles, CA (Metropolitan Area)","Washington, DC (Metropolitan Area)",10800,11278,BUR,DCA,2329,8,416.14,WN,0.4,320.52,UA,0.1333,248.41,"Los Angeles, CA (Metropolitan Area)
(34.052238, -118.243344)","Washington, DC (Metropolitan Area)
(38.892062, -77.019912)",201811080011278BURDCA
Table 1a,2018,1,32575,30852,"Los Angeles, CA (Metropolitan Area)","Washington, DC (Metropolitan Area)",10800,12264,BUR,IAD,2329,12,258.22,UA,0.7117,253.37,UA,0.7117,253.37,"Los Angeles, CA (Metropolitan Area)
(34.052238, -118.243344)","Washington, DC (Metropolitan Area)
(38.892062, -77.019912)",201811080012264BURIAD
Table 1a,2018,1,32575,30559,"Los Angeles, CA (Metropolitan Area)","Seattle, WA",10800,14747,BUR,SEA,978,737,159.47,AS,0.7433,168.54,WN,0.1653,137.2,"Los Angeles, CA (Metropolitan Area)
(34.052238, -118.243344)","Seattle, WA
(47.603229, -122.33028)",201811080014747BURSEA
Table 1a,2018,1,32575,30852,"Los Angeles, CA (Metropolitan Area)","Washington, DC (Metropolitan Area)",14908,12264,SNA,IAD,2329,66,356.03,UA,0.5861,367.29,AA,0.2061,318.43,"Los Angeles, CA (Metropolitan Area)
(34.052238, -118.243344)","Washington, DC (Metropolitan Area)
(38.892062, -77.019912)",201811490812264SNAIAD
Table 1a,2018,1,32575,30852,"Los Angeles, CA (Metropolitan Area)","Washington, DC (Metropolitan Area)",14908,11278,SNA,DCA,2329,139,329.96,AA,0.3386,381.78,F9,0.1139,124.0,"Los Angeles, CA (Metropolitan Area)
(34.052238, -118.243344)","Washington, DC (Metropolitan Area)
(38.892062, -77.019912)",201811490811278SNADCA
Table 1a,2018,1,32575,30852,"Los Angeles, CA (Metropolitan Area)","Washington, DC (Metropolitan Area)",14908,10821,SNA,BWI,2329,102,300.1,WN,0.4087,277.01,WN,0.4087,277.01,"Los Angeles, CA (Metropolitan Area)
(34.052238, -118.243344)","Washington, DC (Metropolitan Area)
(38.892062, -77.019912)",201811490810821SNABWI
Table 1a,2018,1,32575,33195,"Los Angeles, CA (Metropolitan Area)","Tampa, FL (Metropolitan Area)",10800,15304,BUR,TPA,2158,34,297.96,WN,0.6808,283.24,WN,0.6808,283.24,"Los Angeles, CA (Metropolitan Area)
(34.052238, -118.243344)","Tampa, FL (Metropolitan Area)
(37.8606, -78.804199)",201811080015304BURTPA
Table 1a,2018,1,32575,33195,"Los Angeles, CA (Metropolitan Area)","Tampa, FL (Metropolitan Area)",13891,15304,ONT,TPA,2158,73,320.91,AA,0.4947,342.28,WN,0.3607,305.5,"Los Angeles, CA (Metropolitan Area)
(34.052238, -118.243344)","Tampa, FL (Metropolitan Area)
(37.8606, -78.804199)",201811389115304ONTTPA
Table 1a,2018,1,32575,30559,"Los Angeles, CA (Metropolitan Area)","Seattle, WA",13891,14747,ONT,SEA,978,686,155.45,AS,0.6625,157.45,AS,0.6625,157.45,"Los Angeles, CA (Metropolitan Area)
(34.052238, -118.243344)","Seattle, WA
(47.603229, -122.33028)",201811389114747ONTSEA
Table 1a,2018,1,32575,30852,"Los Angeles, CA (Metropolitan Area)","Washington, DC (Metropolitan Area)",13891,12264,ONT,IAD,2329,82,200.2,F9,0.5628,96.06,F9,0.5628,96.06,"Los Angeles, CA (Metropolitan Area)
(34.052238, -118.243344)","Washington, DC (Metropolitan Area)
(38.892062, -77.019912)",201811389112264ONTIAD
Table 1a,2018,1,32575,30852,"Los Angeles, CA (Metropolitan Area)","Washington, DC (Metropolitan Area)",13891,11278,ONT,DCA,2329,78,334.33,AA,0.6377,375.42,WN,0.1583,308.86,"Los Angeles, CA (Metropolitan Area)
(34.052238, -118.243344)","Washington, DC (Metropolitan Area)
(38.892062, -77.019912)",201811389111278ONTDCA
Table 1a,2018,1,32575,30852,"Los Angeles, CA (Metropolitan Area)","Washington, DC (Metropolitan Area)",13891,10821,ONT,BWI,2329,92,284.85,WN,0.5799,271.13,WN,0.5799,271.13,"Los Angeles, CA (Metropolitan Area)
(34.052238, -118.243344)","Washington, DC (Metropolitan Area)
(38.892062, -77.019912)",201811389110821ONTBWI
Table 1a,2018,1,32575,30852,"Los Angeles, CA (Metropolitan Area)","Washington, DC (Metropolitan Area)",12892,11278,LAX,DCA,2329,1311,289.35,AA,0.4368,312.86,AS,0.1767,244.19,"Los Angeles, CA (Metropolitan Area)
(34.052238, -118.243344)","Washington, DC (Metropolitan Area)
(38.892062, -77.019912)",201811289211278LAXDCA
Table 1a,2018,1,32575,30852,"Los Angeles, CA (Metropolitan Area)","Washington, DC (Metropolitan Area)",12892,10821,LAX,BWI,2329,1345,212.9,WN,0.5085,229.38,NK,0.1511,114.55,"Los Angeles, CA (Metropolitan Area)
(34.052238, -118.243344)","Washington, DC (Metropolitan Area)
(38.892062, -77.019912)",201811289210821LAXBWI
Table 1a,2018,1,32575,30852,"Los Angeles, CA (Metropolitan Area)","Washington, DC (Metropolitan Area)",12892,12264,LAX,IAD,2329,1597,318.84,UA,0.5729,364.02,VX,0.1775,256.28,"Los Angeles, CA (Metropolitan Area)
(34.052238, -118.243344)","Washington, DC (Metropolitan Area)
(38.892062, -77.019912)",201811289212264LAXIAD
Table 1a,2018,1,32575,30559,"Los Angeles, CA (Metropolitan Area)","Seattle, WA",12892,14747,LAX,SEA,978,3616,151.89,AS,0.4775,143.64,AS,0.4775,143.64,"Los Angeles, CA (Metropolitan Area)
(34.052238, -118.243344)","Seattle, WA
(47.603229, -122.33028)",201811289214747LAXSEA
Table 1a,2018,1,32575,33195,"Los Angeles, CA (Metropolitan Area)","Tampa, FL (Metropolitan Area)",12892,15304,LAX,TPA,2158,604,321.89,DL,0.42,379.41,WN,0.1628,267.33,"Los Angeles, CA (Metropolitan Area)
(34.052238, -118.243344)","Tampa, FL (Metropolitan Area)
(37.8606, -78.804199)",201811289215304LAXTPA
Table 1a,2017,4,32575,33195,"Los Angeles, CA (Metropolitan Area)","Tampa, FL (Metropolitan Area)",12954,15304,LGB,TPA,2158,5,329.08,AA,0.75,352.51,WN,0.0455,302.0,"Los Angeles, CA (Metropolitan Area)
(34.052238, -118.243344)","Tampa, FL (Metropolitan Area)
(37.8606, -78.804199)",201741295415304LGBTPA
Table 1a,2017,4,32575,30559,"Los Angeles, CA (Metropolitan Area)","Seattle, WA",12954,14747,LGB,SEA,978,520,142.27,B6,0.917,142.66,WN,0.0598,127.7,"Los Angeles, CA (Metropolitan Area)
(34.052238, -118.243344)","Seattle, WA
(47.603229, -122.33028)",201741295414747LGBSEA
Table 1a,2017,4,32575,30852,"Los Angeles, CA (Metropolitan Area)","Washington, DC (Metropolitan Area)",12954,12264,LGB,IAD,2329,4,302.61,DL,0.4146,270.61,DL,0.4146,270.61,"Los Angeles, CA (Metropolitan Area)
(34.052238, -118.243344)","Washington, DC (Metropolitan Area)
(38.892062, -77.019912)",201741295412264LGBIAD
Table 1a,2017,4,32575,30852,"Los Angeles, CA (Metropolitan Area)","Washington, DC (Metropolitan Area)",12954,11278,LGB,DCA,2329,13,273.48,AA,0.541,278.1,B6,0.2459,264.35,"Los Angeles, CA (Metropolitan Area)
(34.052238, -118.243344)","Washington, DC (Metropolitan Area)
(38.892062, -77.019912)",201741295411278LGBDCA
Table 1a,2017,4,32575,30852,"Los Angeles, CA (Metropolitan Area)","Washington, DC (Metropolitan Area)",12954,10821,LGB,BWI,2329,10,260.22,WN,0.4945,245.99,B6,0.1319,213.82,"Los Angeles, CA (Metropolitan Area)
(34.052238, -118.243344)","Washington, DC (Metropolitan Area)
(38.892062, -77.019912)",201741295410821LGBBWI
Table 1a,2017,4,32575,30852,"Los Angeles, CA (Metropolitan Area)","Washington, DC (Metropolitan Area)",13891,10821,ONT,BWI,2329,105,268.77,WN,0.6601,254.22,WN,0.6601,254.22,"Los Angeles, CA (Metropolitan Area)
(34.052238, -118.243344)","Washington, DC (Metropolitan Area)
(38.892062, -77.019912)",201741389110821ONTBWI
Table 1a,2017,4,32575,30559,"Los Angeles, CA (Metropolitan Area)","Seattle, WA",14908,14747,SNA,SEA,978,1737,178.03,AS,0.724,180.25,AS,0.724,180.25,"Los Angeles, CA (Metropolitan Area)
(34.052238, -118.243344)","Seattle, WA
(47.603229, -122.33028)",201741490814747SNASEA
Table 1a,2017,4,32575,30852,"Los Angeles, CA (Metropolitan Area)","Washington, DC (Metropolitan Area)",13891,11278,ONT,DCA,2329,77,330.12,AA,0.7006,349.1,UA,0.1186,285.19,"Los Angeles, CA (Metropolitan Area)
(34.052238, -118.243344)","Washington, DC (Metropolitan Area)
(38.892062, -77.019912)",201741389111278ONTDCA
Table 1a,2017,4,32575,33195,"Los Angeles, CA (Metropolitan Area)","Tampa, FL (Metropolitan Area)",14908,15304,SNA,TPA,2158,134,322.06,AA,0.3865,330.81,UA,0.2815,304.59,"Los Angeles, CA (Metropolitan Area)
(34.052238, -118.243344)","Tampa, FL (Metropolitan Area)
(37.8606, -78.804199)",201741490815304SNATPA
Table 1a,2017,4,32575,30852,"Los Angeles, CA (Metropolitan Area)","Washington, DC (Metropolitan Area)",14908,12264,SNA,IAD,2329,78,367.49,UA,0.5924,353.1,UA,0.5924,353.1,"Los Angeles, CA (Metropolitan Area)
(34.052238, -118.243344)","Washington, DC (Metropolitan Area)
(38.892062, -77.019912)",201741490812264SNAIAD
Table 1a,2017,4,32575,30852,"Los Angeles, CA (Metropolitan Area)","Washington, DC (Metropolitan Area)",13891,12264,ONT,IAD,2329,74,223.47,F9,0.4985,144.43,F9,0.4985,144.43,"Los Angeles, CA (Metropolitan Area)
(34.052238, -118.243344)","Washington, DC (Metropolitan Area)
(38.892062, -77.019912)",201741389112264ONTIAD
Table 1a,2017,4,32575,30559,"Los Angeles, CA (Metropolitan Area)","Seattle, WA",10800,14747,BUR,SEA,978,826,162.58,AS,0.7538,168.84,WN,0.1745,144.77,"Los Angeles, CA (Metropolitan Area)
(34.052238, -118.243344)","Seattle, WA
(47.603229, -122.33028)",201741080014747BURSEA
Table 1a,2017,4,32575,30852,"Los Angeles, CA (Metropolitan Area)","Washington, DC (Metropolitan Area)",14908,11278,SNA,DCA,2329,153,362.97,AA,0.3752,396.17,UA,0.3383,333.62,"Los Angeles, CA (Metropolitan Area)
(34.052238, -118.243344)","Washington, DC (Metropolitan Area)
(38.892062, -77.019912)",201741490811278SNADCA
Table 1a,2017,4,32575,30852,"Los Angeles, CA (Metropolitan Area)","Washington, DC (Metropolitan Area)",14908,10821,SNA,BWI,2329,130,323.16,WN,0.4441,290.25,WN,0.4441,290.25,"Los Angeles, CA (Metropolitan Area)
(34.052238, -118.243344)","Washington, DC (Metropolitan Area)
(38.892062, -77.019912)",201741490810821SNABWI
Table 1a,2017,4,32575,33195,"Los Angeles, CA (Metropolitan Area)","Tampa, FL (Metropolitan Area)",12892,15304,LAX,TPA,2158,608,326.06,DL,0.4386,381.26,WN,0.176,264.31,"Los Angeles, CA (Metropolitan Area)
(34.052238, -118.243344)","Tampa, FL (Metropolitan Area)
(37.8606, -78.804199)",201741289215304LAXTPA
Table 1a,2017,4,32575,30559,"Los Angeles, CA (Metropolitan Area)","Seattle, WA",12892,14747,LAX,SEA,978,4232,150.27,AS,0.5073,146.73,AA,0.1212,143.25,"Los Angeles, CA (Metropolitan Area)
(34.052238, -118.243344)","Seattle, WA
(47.603229, -122.33028)",201741289214747LAXSEA
Table 1a,2017,4,32575,33195,"Los Angeles, CA (Metropolitan Area)","Tampa, FL (Metropolitan Area)",10800,15304,BUR,TPA,2158,38,311.81,WN,0.7644,303.01,WN,0.7644,303.01,"Los Angeles, CA (Metropolitan Area)
(34.052238, -118.243344)","Tampa, FL (Metropolitan Area)
(37.8606, -78.804199)",201741080015304BURTPA
Table 1a,2017,4,32575,30852,"Los Angeles, CA (Metropolitan Area)","Washington, DC (Metropolitan Area)",12892,12264,LAX,IAD,2329,1908,309.83,UA,0.5772,344.0,AA,0.1519,268.67,"Los Angeles, CA (Metropolitan Area)
(34.052238, -118.243344)","Washington, DC (Metropolitan Area)
(38.892062, -77.019912)",201741289212264LAXIAD
Table 1a,2017,4,32575,30852,"Los Angeles, CA (Metropolitan Area)","Washington, DC (Metropolitan Area)",12892,11278,LAX,DCA,2329,1393,300.29,AA,0.4357,314.88,AS,0.1834,263.45,"Los Angeles, CA (Metropolitan Area)
(34.052238, -118.243344)","Washington, DC (Metropolitan Area)
(38.892062, -77.019912)",201741289211278LAXDCA
Table 1a,2017,4,32575,30852,"Los Angeles, CA (Metropolitan Area)","Washington, DC (Metropolitan Area)",12892,10821,LAX,BWI,2329,1534,218.44,WN,0.3951,248.42,NK,0.1436,122.05,"Los Angeles, CA (Metropolitan Area)
(34.052238, -118.243344)","Washington, DC (Metropolitan Area)
(38.892062, -77.019912)",201741289210821LAXBWI
Table 1a,2017,4,32575,30559,"Los Angeles, CA (Metropolitan Area)","Seattle, WA",13891,14747,ONT,SEA,978,781,159.23,AS,0.703,161.97,WN,0.22,148.29,"Los Angeles, CA (Metropolitan Area)
(34.052238, -118.243344)","Seattle, WA
(47.603229, -122.33028)",201741389114747ONTSEA
Table 1a,2017,4,32575,33195,"Los Angeles, CA (Metropolitan Area)","Tampa, FL (Metropolitan Area)",13891,15304,ONT,TPA,2158,72,298.43,WN,0.4977,269.32,WN,0.4977,269.32,"Los Angeles, CA (Metropolitan Area)
(34.052238, -118.243344)","Tampa, FL (Metropolitan Area)
(37.8606, -78.804199)",201741389115304ONTTPA
Table 1a,2017,4,32575,30852,"Los Angeles, CA (Metropolitan Area)","Washington, DC (Metropolitan Area)",10800,10821,BUR,BWI,2329,56,253.61,WN,0.8505,242.82,WN,0.8505,242.82,"Los Angeles, CA (Metropolitan Area)
(34.052238, -118.243344)","Washington, DC (Metropolitan Area)
(38.892062, -77.019912)",201741080010821BURBWI
Table 1a,2017,4,32575,30852,"Los Angeles, CA (Metropolitan Area)","Washington, DC (Metropolitan Area)",10800,11278,BUR,DCA,2329,10,314.15,UA,0.3667,255.05,UA,0.3667,255.05,"Los Angeles, CA (Metropolitan Area)
(34.052238, -118.243344)","Washington, DC (Metropolitan Area)
(38.892062, -77.019912)",201741080011278BURDCA
Table 1a,2017,4,32575,30852,"Los Angeles, CA (Metropolitan Area)","Washington, DC (Metropolitan Area)",10800,12264,BUR,IAD,2329,18,286.15,UA,0.8148,277.3,UA,0.8148,277.3,"Los Angeles, CA (Metropolitan Area)
(34.052238, -118.243344)","Washington, DC (Metropolitan Area)
(38.892062, -77.019912)",201741080012264BURIAD
Table 1a,2017,3,32575,30852,"Los Angeles, CA (Metropolitan Area)","Washington, DC (Metropolitan Area)",12892,12264,LAX,IAD,2329,2007,287.33,UA,0.5811,313.24,AA,0.1709,251.58,"Los Angeles, CA (Metropolitan Area)
(34.052238, -118.243344)","Washington, DC (Metropolitan Area)
(38.892062, -77.019912)",201731289212264LAXIAD
Table 1a,2017,3,32575,30852,"Los Angeles, CA (Metropolitan Area)","Washington, DC (Metropolitan Area)",12892,11278,LAX,DCA,2329,1362,280.31,AA,0.4084,302.83,AS,0.1695,253.85,"Los Angeles, CA (Metropolitan Area)
(34.052238, -118.243344)","Washington, DC (Metropolitan Area)
(38.892062, -77.019912)",201731289211278LAXDCA
Table 1a,2017,3,32575,30852,"Los Angeles, CA (Metropolitan Area)","Washington, DC (Metropolitan Area)",12892,10821,LAX,BWI,2329,1643,222.48,WN,0.4143,247.85,NK,0.1425,133.95,"Los Angeles, CA (Metropolitan Area)
(34.052238, -118.243344)","Washington, DC (Metropolitan Area)
(38.892062, -77.019912)",201731289210821LAXBWI
Table 1a,2017,3,32575,33195,"Los Angeles, CA (Metropolitan Area)","Tampa, FL (Metropolitan Area)",14908,15304,SNA,TPA,2158,115,321.16,AA,0.4034,328.45,WN,0.2178,297.41,"Los Angeles, CA (Metropolitan Area)
(34.052238, -118.243344)","Tampa, FL (Metropolitan Area)
(37.8606, -78.804199)",201731490815304SNATPA
Table 1a,2017,3,32575,30559,"Los Angeles, CA (Metropolitan Area)","Seattle, WA",14908,14747,SNA,SEA,978,1742,178.25,AS,0.7236,178.72,AS,0.7236,178.72,"Los Angeles, CA (Metropolitan Area)
(34.052238, -118.243344)","Seattle, WA
(47.603229, -122.33028)",201731490814747SNASEA
Table 1a,2017,3,32575,30852,"Los Angeles, CA (Metropolitan Area)","Washington, DC (Metropolitan Area)",14908,12264,SNA,IAD,2329,76,351.12,UA,0.5385,352.9,UA,0.5385,352.9,"Los Angeles, CA (Metropolitan Area)
(34.052238, -118.243344)","Washington, DC (Metropolitan Area)
(38.892062, -77.019912)",201731490812264SNAIAD
Table 1a,2017,3,32575,30852,"Los Angeles, CA (Metropolitan Area)","Washington, DC (Metropolitan Area)",14908,11278,SNA,DCA,2329,156,337.43,UA,0.3419,306.74,UA,0.3419,306.74,"Los Angeles, CA (Metropolitan Area)
(34.052238, -118.243344)","Washington, DC (Metropolitan Area)
(38.892062, -77.019912)",201731490811278SNADCA
Table 1a,2017,3,32575,30852,"Los Angeles, CA (Metropolitan Area)","Washington, DC (Metropolitan Area)",14908,10821,SNA,BWI,2329,135,296.47,WN,0.5157,286.33,UA,0.1784,278.28,"Los Angeles, CA (Metropolitan Area)
(34.052238, -118.243344)","Washington, DC (Metropolitan Area)
(38.892062, -77.019912)",201731490810821SNABWI
Table 1a,2017,3,32575,33195,"Los Angeles, CA (Metropolitan Area)","Tampa, FL (Metropolitan Area)",10800,15304,BUR,TPA,2158,35,288.59,WN,0.7323,280.98,WN,0.7323,280.98,"Los Angeles, CA (Metropolitan Area)
(34.052238, -118.243344)","Tampa, FL (Metropolitan Area)
(37.8606, -78.804199)",201731080015304BURTPA
Table 1a,2017,3,32575,30559,"Los Angeles, CA (Metropolitan Area)","Seattle, WA",10800,14747,BUR,SEA,978,799,164.15,AS,0.7529,171.76,WN,0.1687,145.81,"Los Angeles, CA (Metropolitan Area)
(34.052238, -118.243344)","Seattle, WA
(47.603229, -122.33028)",201731080014747BURSEA
Table 1a,2017,3,32575,30852,"Los Angeles, CA (Metropolitan Area)","Washington, DC (Metropolitan Area)",10800,12264,BUR,IAD,2329,27,269.54,UA,0.8474,259.24,UA,0.8474,259.24,"Los Angeles, CA (Metropolitan Area)
(34.052238, -118.243344)","Washington, DC (Metropolitan Area)
(38.892062, -77.019912)",201731080012264BURIAD
Table 1a,2017,3,32575,30852,"Los Angeles, CA (Metropolitan Area)","Washington, DC (Metropolitan Area)",10800,11278,BUR,DCA,2329,11,328.73,WN,0.3654,336.75,UA,0.2885,255.33,"Los Angeles, CA (Metropolitan Area)
(34.052238, -118.243344)","Washington, DC (Metropolitan Area)
(38.892062, -77.019912)",201731080011278BURDCA
Table 1a,2017,3,32575,30852,"Los Angeles, CA (Metropolitan Area)","Washington, DC (Metropolitan Area)",10800,10821,BUR,BWI,2329,58,245.77,WN,0.8365,229.81,WN,0.8365,229.81,"Los Angeles, CA (Metropolitan Area)
(34.052238, -118.243344)","Washington, DC (Metropolitan Area)
(38.892062, -77.019912)",201731080010821BURBWI
Table 1a,2017,3,32575,33195,"Los Angeles, CA (Metropolitan Area)","Tampa, FL (Metropolitan Area)",13891,15304,ONT,TPA,2158,61,288.47,WN,0.554,264.06,WN,0.554,264.06,"Los Angeles, CA (Metropolitan Area)
(34.052238, -118.243344)","Tampa, FL (Metropolitan Area)
(37.8606, -78.804199)",201731389115304ONTTPA
Table 1a,2017,3,32575,30559,"Los Angeles, CA (Metropolitan Area)","Seattle, WA",13891,14747,ONT,SEA,978,798,165.67,AS,0.6688,171.02,WN,0.2544,152.11,"Los Angeles, CA (Metropolitan Area)
(34.052238, -118.243344)","Seattle, WA
(47.603229, -122.33028)",201731389114747ONTSEA
Table 1a,2017,3,32575,30852,"Los Angeles, CA (Metropolitan Area)","Washington, DC (Metropolitan Area)",13891,12264,ONT,IAD,2329,39,332.86,UA,0.5042,334.77,AA,0.3186,296.71,"Los Angeles, CA (Metropolitan Area)
(34.052238, -118.243344)","Washington, DC (Metropolitan Area)
(38.892062, -77.019912)",201731389112264ONTIAD
Table 1a,2017,3,32575,30852,"Los Angeles, CA (Metropolitan Area)","Washington, DC (Metropolitan Area)",13891,11278,ONT,DCA,2329,80,330.09,AA,0.7038,327.74,AA,0.7038,327.74,"Los Angeles, CA (Metropolitan Area)
(34.052238, -118.243344)","Washington, DC (Metropolitan Area)
(38.892062, -77.019912)",201731389111278ONTDCA
Table 1a,2017,3,32575,30852,"Los Angeles, CA (Metropolitan Area)","Washington, DC (Metropolitan Area)",13891,10821,ONT,BWI,2329,114,262.49,WN,0.6759,238.74,WN,0.6759,238.74,"Los Angeles, CA (Metropolitan Area)
(34.052238, -118.243344)","Washington, DC (Metropolitan Area)
(38.892062, -77.019912)",201731389110821ONTBWI
Table 1a,2017,3,32575,33195,"Los Angeles, CA (Metropolitan Area)","Tampa, FL (Metropolitan Area)",12954,15304,LGB,TPA,2158,4,308.73,AA,0.6316,302.8,AA,0.6316,302.8,"Los Angeles, CA (Metropolitan Area)
(34.052238, -118.243344)","Tampa, FL (Metropolitan Area)
(37.8606, -78.804199)",201731295415304LGBTPA
Table 1a,2017,3,32575,30559,"Los Angeles, CA (Metropolitan Area)","Seattle, WA",12954,14747,LGB,SEA,978,503,139.98,B6,0.9333,139.97,WN,0.049,133.54,"Los Angeles, CA (Metropolitan Area)
(34.052238, -118.243344)","Seattle, WA
(47.603229, -122.33028)",201731295414747LGBSEA
Table 1a,2017,3,32575,30852,"Los Angeles, CA (Metropolitan Area)","Washington, DC (Metropolitan Area)",12954,12264,LGB,IAD,2329,6,305.6,B6,0.5763,311.96,AA,0.1186,296.71,"Los Angeles, CA (Metropolitan Area)
(34.052238, -118.243344)","Washington, DC (Metropolitan Area)
(38.892062, -77.019912)",201731295412264LGBIAD
Table 1a,2017,3,32575,30852,"Los Angeles, CA (Metropolitan Area)","Washington, DC (Metropolitan Area)",12954,11278,LGB,DCA,2329,12,280.19,B6,0.4425,310.73,AA,0.3186,263.51,"Los Angeles, CA (Metropolitan Area)
(34.052238, -118.243344)","Washington, DC (Metropolitan Area)
(38.892062, -77.019912)",201731295411278LGBDCA
Table 1a,2017,3,32575,30852,"Los Angeles, CA (Metropolitan Area)","Washington, DC (Metropolitan Area)",12954,10821,LGB,BWI,2329,11,281.3,WN,0.5673,237.53,WN,0.5673,237.53,"Los Angeles, CA (Metropolitan Area)
(34.052238, -118.243344)","Washington, DC (Metropolitan Area)
(38.892062, -77.019912)",201731295410821LGBBWI
Table 1a,2017,3,32575,33195,"Los Angeles, CA (Metropolitan Area)","Tampa, FL (Metropolitan Area)",12892,15304,LAX,TPA,2158,513,298.92,DL,0.4578,350.07,WN,0.2022,233.92,"Los Angeles, CA (Metropolitan Area)
(34.052238, -118.243344)","Tampa, FL (Metropolitan Area)
(37.8606, -78.804199)",201731289215304LAXTPA
Table 1a,2017,3,32575,30559,"Los Angeles, CA (Metropolitan Area)","Seattle, WA",12892,14747,LAX,SEA,978,5576,132.46,AS,0.4693,130.33,AS,0.4693,130.33,"Los Angeles, CA (Metropolitan Area)
(34.052238, -118.243344)","Seattle, WA
(47.603229, -122.33028)",201731289214747LAXSEA
Table 1a,2017,2,32575,30852,"Los Angeles, CA (Metropolitan Area)","Washington, DC (Metropolitan Area)",12892,10821,LAX,BWI,2329,1805,237.47,WN,0.4245,260.89,NK,0.1399,143.02,"Los Angeles, CA (Metropolitan Area)
(34.052238, -118.243344)","Washington, DC (Metropolitan Area)
(38.892062, -77.019912)",201721289210821LAXBWI
Table 1a,2017,2,32575,30852,"Los Angeles, CA (Metropolitan Area)","Washington, DC (Metropolitan Area)",12892,11278,LAX,DCA,2329,1288,325.29,AA,0.4538,350.46,AS,0.1896,280.93,"Los Angeles, CA (Metropolitan Area)
(34.052238, -118.243344)","Washington, DC (Metropolitan Area)
(38.892062, -77.019912)",201721289211278LAXDCA
Table 1a,2017,2,32575,30852,"Los Angeles, CA (Metropolitan Area)","Washington, DC (Metropolitan Area)",12892,12264,LAX,IAD,2329,2338,304.99,UA,0.6586,317.76,VX,0.1546,284.39,"Los Angeles, CA (Metropolitan Area)
(34.052238, -118.243344)","Washington, DC (Metropolitan Area)
(38.892062, -77.019912)",201721289212264LAXIAD
Table 1a,2017,2,32575,30852,"Los Angeles, CA (Metropolitan Area)","Washington, DC (Metropolitan Area)",13891,10821,ONT,BWI,2329,109,310.19,WN,0.7056,283.8,WN,0.7056,283.8,"Los Angeles, CA (Metropolitan Area)
(34.052238, -118.243344)","Washington, DC (Metropolitan Area)
(38.892062, -77.019912)",201721389110821ONTBWI
Table 1a,2017,2,32575,30852,"Los Angeles, CA (Metropolitan Area)","Washington, DC (Metropolitan Area)",13891,11278,ONT,DCA,2329,92,366.56,AA,0.6423,389.29,WN,0.2077,300.64,"Los Angeles, CA (Metropolitan Area)
(34.052238, -118.243344)","Washington, DC (Metropolitan Area)
(38.892062, -77.019912)",201721389111278ONTDCA
Table 1a,2017,2,32575,30852,"Los Angeles, CA (Metropolitan Area)","Washington, DC (Metropolitan Area)",13891,12264,ONT,IAD,2329,45,340.57,UA,0.5564,326.2,UA,0.5564,326.2,"Los Angeles, CA (Metropolitan Area)
(34.052238, -118.243344)","Washington, DC (Metropolitan Area)
(38.892062, -77.019912)",201721389112264ONTIAD
Table 1a,2017,2,32575,30852,"Los Angeles, CA (Metropolitan Area)","Washington, DC (Metropolitan Area)",14908,10821,SNA,BWI,2329,139,326.68,WN,0.5301,309.71,WN,0.5301,309.71,"Los Angeles, CA (Metropolitan Area)
(34.052238, -118.243344)","Washington, DC (Metropolitan Area)
(38.892062, -77.019912)",201721490810821SNABWI
Table 1a,2017,2,32575,30852,"Los Angeles, CA (Metropolitan Area)","Washington, DC (Metropolitan Area)",14908,11278,SNA,DCA,2329,188,366.43,AA,0.3762,419.28,UA,0.2855,326.77,"Los Angeles, CA (Metropolitan Area)
(34.052238, -118.243344)","Washington, DC (Metropolitan Area)
(38.892062, -77.019912)",201721490811278SNADCA
Table 1a,2017,2,32575,30852,"Los Angeles, CA (Metropolitan Area)","Washington, DC (Metropolitan Area)",14908,12264,SNA,IAD,2329,88,357.58,UA,0.5871,369.63,DL,0.1244,334.49,"Los Angeles, CA (Metropolitan Area)
(34.052238, -118.243344)","Washington, DC (Metropolitan Area)
(38.892062, -77.019912)",201721490812264SNAIAD
Table 1a,2017,2,32575,30559,"Los Angeles, CA (Metropolitan Area)","Seattle, WA",12892,14747,LAX,SEA,978,5150,135.82,AS,0.5069,129.37,AS,0.5069,129.37,"Los Angeles, CA (Metropolitan Area)
(34.052238, -118.243344)","Seattle, WA
(47.603229, -122.33028)",201721289214747LAXSEA
Table 1a,2017,2,32575,33195,"Los Angeles, CA (Metropolitan Area)","Tampa, FL (Metropolitan Area)",12892,15304,LAX,TPA,2158,551,330.02,DL,0.4108,390.67,WN,0.2002,271.57,"Los Angeles, CA (Metropolitan Area)
(34.052238, -118.243344)","Tampa, FL (Metropolitan Area)
(37.8606, -78.804199)",201721289215304LAXTPA
Table 1a,2017,2,32575,30852,"Los Angeles, CA (Metropolitan Area)","Washington, DC (Metropolitan Area)",12954,10821,LGB,BWI,2329,15,287.53,WN,0.446,196.21,WN,0.446,196.21,"Los Angeles, CA (Metropolitan Area)
(34.052238, -118.243344)","Washington, DC (Metropolitan Area)
(38.892062, -77.019912)",201721295410821LGBBWI
Table 1a,2017,2,32575,30852,"Los Angeles, CA (Metropolitan Area)","Washington, DC (Metropolitan Area)",12954,11278,LGB,DCA,2329,8,368.9,B6,0.4789,332.35,B6,0.4789,332.35,"Los Angeles, CA (Metropolitan Area)
(34.052238, -118.243344)","Washington, DC (Metropolitan Area)
(38.892062, -77.019912)",201721295411278LGBDCA
Table 1a,2017,2,32575,30852,"Los Angeles, CA (Metropolitan Area)","Washington, DC (Metropolitan Area)",12954,12264,LGB,IAD,2329,7,341.33,B6,0.8615,342.9,WN,0.0462,272.67,"Los Angeles, CA (Metropolitan Area)
(34.052238, -118.243344)","Washington, DC (Metropolitan Area)
(38.892062, -77.019912)",201721295412264LGBIAD
Table 1a,2017,2,32575,30559,"Los Angeles, CA (Metropolitan Area)","Seattle, WA",12954,14747,LGB,SEA,978,510,134.8,B6,0.9364,135.11,WN,0.0498,121.11,"Los Angeles, CA (Metropolitan Area)
(34.052238, -118.243344)","Seattle, WA
(47.603229, -122.33028)",201721295414747LGBSEA
Table 1a,2017,2,32575,33195,"Los Angeles, CA (Metropolitan Area)","Tampa, FL (Metropolitan Area)",12954,15304,LGB,TPA,2158,9,317.56,AA,0.6026,331.23,WN,0.2308,284.39,"Los Angeles, CA (Metropolitan Area)
(34.052238, -118.243344)","Tampa, FL (Metropolitan Area)
(37.8606, -78.804199)",201721295415304LGBTPA
Table 1a,2017,2,32575,33195,"Los Angeles, CA (Metropolitan Area)","Tampa, FL (Metropolitan Area)",13891,15304,ONT,TPA,2158,70,321.25,WN,0.4796,298.68,WN,0.4796,298.68,"Los Angeles, CA (Metropolitan Area)
(34.052238, -118.243344)","Tampa, FL (Metropolitan Area)
(37.8606, -78.804199)",201721389115304ONTTPA
Table 1a,2017,2,32575,30559,"Los Angeles, CA (Metropolitan Area)","Seattle, WA",13891,14747,ONT,SEA,978,760,161.58,AS,0.7199,158.67,AS,0.7199,158.67,"Los Angeles, CA (Metropolitan Area)
(34.052238, -118.243344)","Seattle, WA
(47.603229, -122.33028)",201721389114747ONTSEA
Table 1a,2017,2,32575,33195,"Los Angeles, CA (Metropolitan Area)","Tampa, FL (Metropolitan Area)",10800,15304,BUR,TPA,2158,37,329.75,WN,0.7493,320.08,WN,0.7493,320.08,"Los Angeles, CA (Metropolitan Area)
(34.052238, -118.243344)","Tampa, FL (Metropolitan Area)
(37.8606, -78.804199)",201721080015304BURTPA
Table 1a,2017,2,32575,30559,"Los Angeles, CA (Metropolitan Area)","Seattle, WA",10800,14747,BUR,SEA,978,805,162.18,AS,0.7995,166.41,WN,0.1357,148.41,"Los Angeles, CA (Metropolitan Area)
(34.052238, -118.243344)","Seattle, WA
(47.603229, -122.33028)",201721080014747BURSEA
Table 1a,2017,2,32575,30852,"Los Angeles, CA (Metropolitan Area)","Washington, DC (Metropolitan Area)",10800,12264,BUR,IAD,2329,21,258.98,UA,0.8256,241.73,UA,0.8256,241.73,"Los Angeles, CA (Metropolitan Area)
(34.052238, -118.243344)","Washington, DC (Metropolitan Area)
(38.892062, -77.019912)",201721080012264BURIAD
Table 1a,2017,2,32575,30852,"Los Angeles, CA (Metropolitan Area)","Washington, DC (Metropolitan Area)",10800,11278,BUR,DCA,2329,17,392.25,AA,0.4238,420.46,UA,0.1921,297.72,"Los Angeles, CA (Metropolitan Area)
(34.052238, -118.243344)","Washington, DC (Metropolitan Area)
(38.892062, -77.019912)",201721080011278BURDCA
Table 1a,2017,2,32575,30852,"Los Angeles, CA (Metropolitan Area)","Washington, DC (Metropolitan Area)",10800,10821,BUR,BWI,2329,52,267.31,WN,0.8665,251.79,WN,0.8665,251.79,"Los Angeles, CA (Metropolitan Area)
(34.052238, -118.243344)","Washington, DC (Metropolitan Area)
(38.892062, -77.019912)",201721080010821BURBWI
Table 1a,2017,2,32575,30559,"Los Angeles, CA (Metropolitan Area)","Seattle, WA",14908,14747,SNA,SEA,978,1735,178.66,AS,0.7267,174.65,AS,0.7267,174.65,"Los Angeles, CA (Metropolitan Area)
(34.052238, -118.243344)","Seattle, WA
(47.603229, -122.33028)",201721490814747SNASEA
Table 1a,2017,2,32575,33195,"Los Angeles, CA (Metropolitan Area)","Tampa, FL (Metropolitan Area)",14908,15304,SNA,TPA,2158,137,317.63,AA,0.3183,347.14,UA,0.3079,284.13,"Los Angeles, CA (Metropolitan Area)
(34.052238, -118.243344)","Tampa, FL (Metropolitan Area)
(37.8606, -78.804199)",201721490815304SNATPA
Table 1a,2017,1,32575,30852,"Los Angeles, CA (Metropolitan Area)","Washington, DC (Metropolitan Area)",10800,10821,BUR,BWI,2329,36,277.7,WN,0.7785,272.38,WN,0.7785,272.38,"Los Angeles, CA (Metropolitan Area)
(34.052238, -118.243344)","Washington, DC (Metropolitan Area)
(38.892062, -77.019912)",201711080010821BURBWI
Table 1a,2017,1,32575,30852,"Los Angeles, CA (Metropolitan Area)","Washington, DC (Metropolitan Area)",10800,11278,BUR,DCA,2329,15,342.14,AA,0.4478,411.25,WN,0.291,278.41,"Los Angeles, CA (Metropolitan Area)
(34.052238, -118.243344)","Washington, DC (Metropolitan Area)
(38.892062, -77.019912)",201711080011278BURDCA
Table 1a,2017,1,32575,30852,"Los Angeles, CA (Metropolitan Area)","Washington, DC (Metropolitan Area)",10800,12264,BUR,IAD,2329,11,309.01,UA,0.7292,319.07,WN,0.2396,279.13,"Los Angeles, CA (Metropolitan Area)
(34.052238, -118.243344)","Washington, DC (Metropolitan Area)
(38.892062, -77.019912)",201711080012264BURIAD
Table 1a,2017,1,32575,30559,"Los Angeles, CA (Metropolitan Area)","Seattle, WA",10800,14747,BUR,SEA,978,678,144.46,AS,0.8433,143.48,AS,0.8433,143.48,"Los Angeles, CA (Metropolitan Area)
(34.052238, -118.243344)","Seattle, WA
(47.603229, -122.33028)",201711080014747BURSEA
Table 1a,2017,1,32575,33195,"Los Angeles, CA (Metropolitan Area)","Tampa, FL (Metropolitan Area)",10800,15304,BUR,TPA,2158,31,329.74,WN,0.7082,334.18,AA,0.2278,310.35,"Los Angeles, CA (Metropolitan Area)
(34.052238, -118.243344)","Tampa, FL (Metropolitan Area)
(37.8606, -78.804199)",201711080015304BURTPA
Table 1a,2017,1,32575,30852,"Los Angeles, CA (Metropolitan Area)","Washington, DC (Metropolitan Area)",12892,10821,LAX,BWI,2329,1317,222.69,WN,0.464,243.88,NK,0.181,138.36,"Los Angeles, CA (Metropolitan Area)
(34.052238, -118.243344)","Washington, DC (Metropolitan Area)
(38.892062, -77.019912)",201711289210821LAXBWI
Table 1a,2017,1,32575,30852,"Los Angeles, CA (Metropolitan Area)","Washington, DC (Metropolitan Area)",12892,11278,LAX,DCA,2329,1116,309.75,AA,0.5269,339.76,AS,0.2066,257.31,"Los Angeles, CA (Metropolitan Area)
(34.052238, -118.243344)","Washington, DC (Metropolitan Area)
(38.892062, -77.019912)",201711289211278LAXDCA
Table 1a,2017,1,32575,30852,"Los Angeles, CA (Metropolitan Area)","Washington, DC (Metropolitan Area)",12892,12264,LAX,IAD,2329,1733,313.86,UA,0.6498,326.59,VX,0.1808,279.28,"Los Angeles, CA (Metropolitan Area)
(34.052238, -118.243344)","Washington, DC (Metropolitan Area)
(38.892062, -77.019912)",201711289212264LAXIAD
Table 1a,2017,1,32575,30559,"Los Angeles, CA (Metropolitan Area)","Seattle, WA",12892,14747,LAX,SEA,978,3998,125.45,AS,0.4998,121.08,AS,0.4998,121.08,"Los Angeles, CA (Metropolitan Area)
(34.052238, -118.243344)","Seattle, WA
(47.603229, -122.33028)",201711289214747LAXSEA
Table 1a,2017,1,32575,33195,"Los Angeles, CA (Metropolitan Area)","Tampa, FL (Metropolitan Area)",12892,15304,LAX,TPA,2158,537,321.01,DL,0.4159,372.29,WN,0.208,254.38,"Los Angeles, CA (Metropolitan Area)
(34.052238, -118.243344)","Tampa, FL (Metropolitan Area)
(37.8606, -78.804199)",201711289215304LAXTPA
Table 1a,2017,1,32575,30852,"Los Angeles, CA (Metropolitan Area)","Washington, DC (Metropolitan Area)",12954,10821,LGB,BWI,2329,9,306.81,AA,0.3291,384.85,B6,0.2152,223.06,"Los Angeles, CA (Metropolitan Area)
(34.052238, -118.243344)","Washington, DC (Metropolitan Area)
(38.892062, -77.019912)",201711295410821LGBBWI
Table 1a,2017,1,32575,30852,"Los Angeles, CA (Metropolitan Area)","Washington, DC (Metropolitan Area)",12954,11278,LGB,DCA,2329,10,344.08,AA,0.4565,337.24,B6,0.3804,328.17,"Los Angeles, CA (Metropolitan Area)
(34.052238, -118.243344)","Washington, DC (Metropolitan Area)
(38.892062, -77.019912)",201711295411278LGBDCA
Table 1a,2017,1,32575,30852,"Los Angeles, CA (Metropolitan Area)","Washington, DC (Metropolitan Area)",12954,12264,LGB,IAD,2329,3,251.71,B6,0.9286,245.03,B6,0.9286,245.03,"Los Angeles, CA (Metropolitan Area)
(34.052238, -118.243344)","Washington, DC (Metropolitan Area)
(38.892062, -77.019912)",201711295412264LGBIAD
Table 1a,2017,1,32575,30559,"Los Angeles, CA (Metropolitan Area)","Seattle, WA",12954,14747,LGB,SEA,978,489,111.98,B6,0.9249,111.63,WN,0.0657,110.05,"Los Angeles, CA (Metropolitan Area)
(34.052238, -118.243344)","Seattle, WA
(47.603229, -122.33028)",201711295414747LGBSEA
Table 1a,2017,1,32575,33195,"Los Angeles, CA (Metropolitan Area)","Tampa, FL (Metropolitan Area)",12954,15304,LGB,TPA,2158,8,323.41,AA,0.9333,326.76,WN,0.04,209.3,"Los Angeles, CA (Metropolitan Area)
(34.052238, -118.243344)","Tampa, FL (Metropolitan Area)
(37.8606, -78.804199)",201711295415304LGBTPA
Table 1a,2017,1,32575,30852,"Los Angeles, CA (Metropolitan Area)","Washington, DC (Metropolitan Area)",13891,10821,ONT,BWI,2329,90,276.54,WN,0.5743,263.19,WN,0.5743,263.19,"Los Angeles, CA (Metropolitan Area)
(34.052238, -118.243344)","Washington, DC (Metropolitan Area)
(38.892062, -77.019912)",201711389110821ONTBWI
Table 1a,2017,1,32575,30852,"Los Angeles, CA (Metropolitan Area)","Washington, DC (Metropolitan Area)",13891,11278,ONT,DCA,2329,71,352.0,AA,0.6427,373.1,WN,0.1763,285.37,"Los Angeles, CA (Metropolitan Area)
(34.052238, -118.243344)","Washington, DC (Metropolitan Area)
(38.892062, -77.019912)",201711389111278ONTDCA
Table 1a,2017,1,32575,30852,"Los Angeles, CA (Metropolitan Area)","Washington, DC (Metropolitan Area)",13891,12264,ONT,IAD,2329,46,308.93,UA,0.6229,288.84,UA,0.6229,288.84,"Los Angeles, CA (Metropolitan Area)
(34.052238, -118.243344)","Washington, DC (Metropolitan Area)
(38.892062, -77.019912)",201711389112264ONTIAD
Table 1a,2017,1,32575,30559,"Los Angeles, CA (Metropolitan Area)","Seattle, WA",13891,14747,ONT,SEA,978,628,146.39,AS,0.6905,142.92,AS,0.6905,142.92,"Los Angeles, CA (Metropolitan Area)
(34.052238, -118.243344)","Seattle, WA
(47.603229, -122.33028)",201711389114747ONTSEA
Table 1a,2017,1,32575,33195,"Los Angeles, CA (Metropolitan Area)","Tampa, FL (Metropolitan Area)",13891,15304,ONT,TPA,2158,64,313.84,AA,0.438,334.88,UA,0.1117,281.45,"Los Angeles, CA (Metropolitan Area)
(34.052238, -118.243344)","Tampa, FL (Metropolitan Area)
(37.8606, -78.804199)",201711389115304ONTTPA
Table 1a,2017,1,32575,30852,"Los Angeles, CA (Metropolitan Area)","Washington, DC (Metropolitan Area)",14908,10821,SNA,BWI,2329,126,293.13,WN,0.4824,279.07,UA,0.1887,261.29,"Los Angeles, CA (Metropolitan Area)
(34.052238, -118.243344)","Washington, DC (Metropolitan Area)
(38.892062, -77.019912)",201711490810821SNABWI
Table 1a,2017,1,32575,30852,"Los Angeles, CA (Metropolitan Area)","Washington, DC (Metropolitan Area)",14908,11278,SNA,DCA,2329,158,341.93,AA,0.3481,399.35,F9,0.1069,160.55,"Los Angeles, CA (Metropolitan Area)
(34.052238, -118.243344)","Washington, DC (Metropolitan Area)
(38.892062, -77.019912)",201711490811278SNADCA
Table 1a,2017,1,32575,30852,"Los Angeles, CA (Metropolitan Area)","Washington, DC (Metropolitan Area)",14908,12264,SNA,IAD,2329,60,371.96,UA,0.5643,389.77,AA,0.2151,365.07,"Los Angeles, CA (Metropolitan Area)
(34.052238, -118.243344)","Washington, DC (Metropolitan Area)
(38.892062, -77.019912)",201711490812264SNAIAD
Table 1a,2017,1,32575,30559,"Los Angeles, CA (Metropolitan Area)","Seattle, WA",14908,14747,SNA,SEA,978,1636,156.86,AS,0.7098,157.14,AS,0.7098,157.14,"Los Angeles, CA (Metropolitan Area)
(34.052238, -118.243344)","Seattle, WA
(47.603229, -122.33028)",201711490814747SNASEA
Table 1a,2017,1,32575,33195,"Los Angeles, CA (Metropolitan Area)","Tampa, FL (Metropolitan Area)",14908,15304,SNA,TPA,2158,143,330.67,AA,0.3525,359.05,WN,0.2376,311.3,"Los Angeles, CA (Metropolitan Area)
(34.052238, -118.243344)","Tampa, FL (Metropolitan Area)
(37.8606, -78.804199)",201711490815304SNATPA
