tbl,Year,quarter,citymarketid_1,citymarketid_2,city1,city2,cur_passengers,cur_fare,ly_fare,ly_passengers,amount_change,percent_change,amount_change_pax,percent_change_pax,Geocoded_City1,Geocoded_City2
Table 3,2018,3,30977,34570,"Chicago, IL","Reno, NV",28730,298.24,252.32,31140,45.92,0.182,-2410,-0.0774,,
Table 3,2018,3,30977,34614,"Chicago, IL","Salt Lake City, UT",94710,250,211.35,102350,38.65,0.1829,-7640,-0.0746,,
Table 3,2018,3,31057,30647,"Charlotte, NC","Cleveland, OH (Metropolitan Area)",35290,263.23,213.03,42830,50.2,0.2356,-7540,-0.176,,
Table 3,2018,3,31066,30325,"Columbus, OH","Denver, CO",61740,201.04,174.6,60080,26.44,0.1515,1660,0.0276,,
Table 3,2018,3,30397,30647,"Atlanta, GA (Metropolitan Area)","Cleveland, OH (Metropolitan Area)",96010,176,140.44,107420,35.56,0.2532,-11410,-0.1062,,
Table 3,2018,3,30977,33195,"Chicago, IL","Tampa, FL (Metropolitan Area)",189080,180.62,153.45,195370,27.17,0.177,-6290,-0.0322,,
Table 3,2018,3,30977,33198,"Chicago, IL","Kansas City, MO",141250,190.29,163.86,147660,26.43,0.1613,-6410,-0.0434,,
Table 3,2018,3,30977,33214,"Chicago, IL","San Antonio, TX",81120,224.01,171.5,90510,52.51,0.3062,-9390,-0.1038,,
Table 3,2018,3,30977,33244,"Chicago, IL","Memphis, TN",53320,196.44,163.01,57040,33.43,0.2051,-3720,-0.0652,,
Table 3,2018,3,30977,33316,"Chicago, IL","Omaha, NE",70930,175.85,147.94,75240,27.91,0.1887,-4310,-0.0573,,
Table 3,2018,3,30977,33495,"Chicago, IL","New Orleans, LA",112980,176.25,139.21,120420,37.04,0.2661,-7440,-0.0618,,
Table 3,2018,3,30325,33244,"Denver, CO","Memphis, TN",30720,181.14,152.03,30960,29.11,0.1915,-240,-0.0078,,
Table 3,2018,3,30325,33485,"Denver, CO","Madison, WI",33210,192.58,161,31130,31.57,0.1961,2080,0.0668,,
Table 3,2018,3,30325,33214,"Denver, CO","San Antonio, TX",64720,186.1,142.74,79670,43.35,0.3037,-14950,-0.1876,,
Table 3,2018,3,30325,33495,"Denver, CO","New Orleans, LA",70360,184.33,155.24,69710,29.09,0.1874,650,0.0093,,
Table 3,2018,3,30325,34614,"Denver, CO","Salt Lake City, UT",130250,145.19,126.01,142520,19.18,0.1522,-12270,-0.0861,,
Table 3,2018,3,30397,30423,"Atlanta, GA (Metropolitan Area)","Austin, TX",86970,186.74,161.98,83590,24.75,0.1528,3380,0.0404,,
Table 3,2018,3,30397,30466,"Atlanta, GA (Metropolitan Area)","Phoenix, AZ",95270,253.28,190.86,104040,62.41,0.327,-8770,-0.0843,,
Table 3,2018,3,30397,30852,"Atlanta, GA (Metropolitan Area)","Washington, DC (Metropolitan Area)",433360,197.56,170.77,466780,26.78,0.1568,-33420,-0.0716,,
Table 3,2018,3,30397,30977,"Atlanta, GA (Metropolitan Area)","Chicago, IL",385580,171.41,147.43,405340,23.98,0.1626,-19760,-0.0488,,
Table 3,2018,3,30397,31057,"Atlanta, GA (Metropolitan Area)","Charlotte, NC",36130,271.45,234.28,35170,37.18,0.1587,960,0.0273,,
Table 3,2018,3,30397,31123,"Atlanta, GA (Metropolitan Area)","St. Louis, MO",83460,178.6,143.24,91830,35.36,0.2468,-8370,-0.0912,,
Table 3,2018,3,30397,31650,"Atlanta, GA (Metropolitan Area)","Minneapolis/St. Paul, MN",118930,238.5,207.04,125980,31.46,0.152,-7050,-0.056,,
Table 3,2018,3,30397,33495,"Atlanta, GA (Metropolitan Area)","New Orleans, LA",90220,163,125.63,93320,37.37,0.2975,-3100,-0.0332,,
Table 3,2018,3,30397,34027,"Atlanta, GA (Metropolitan Area)","West Palm Beach/Palm Beach, FL",62900,170.66,143.88,68940,26.78,0.1862,-6040,-0.0876,,
Table 3,2018,3,30423,30852,"Austin, TX","Washington, DC (Metropolitan Area)",109050,287.26,237.27,117800,49.99,0.2107,-8750,-0.0743,,
Table 3,2018,3,30423,30977,"Austin, TX","Chicago, IL",130860,221.64,160.01,148720,61.63,0.3852,-17860,-0.1201,,
Table 3,2018,3,30977,34027,"Chicago, IL","West Palm Beach/Palm Beach, FL",22660,268.07,226.73,20400,41.34,0.1823,2260,0.1108,,
Table 3,2018,3,30431,31703,"Asheville, NC","New York City, NY (Metropolitan Area)",28660,169.68,146.3,32170,23.38,0.1598,-3510,-0.1091,,
Table 3,2018,3,30466,30559,"Phoenix, AZ","Seattle, WA",230640,178.47,154.44,225630,24.03,0.1556,5010,0.0222,,
Table 3,2018,3,30647,30194,"Cleveland, OH (Metropolitan Area)","Dallas/Fort Worth, TX",66230,227.21,196.97,63080,30.23,0.1535,3150,0.0499,,
Table 3,2018,3,30647,30325,"Cleveland, OH (Metropolitan Area)","Denver, CO",86100,183.01,150.35,83180,32.66,0.2172,2920,0.0351,,
Table 3,2018,3,30647,30466,"Cleveland, OH (Metropolitan Area)","Phoenix, AZ",46260,224.66,182.99,48800,41.68,0.2278,-2540,-0.052,,
Table 3,2018,3,30647,30559,"Cleveland, OH (Metropolitan Area)","Seattle, WA",39290,254.01,208.48,42600,45.53,0.2184,-3310,-0.0777,,
Table 3,2018,3,30647,31453,"Cleveland, OH (Metropolitan Area)","Houston, TX",42480,299.47,216.72,41370,82.76,0.3819,1110,0.0268,,
Table 3,2018,3,30647,32457,"Cleveland, OH (Metropolitan Area)","San Francisco, CA (Metropolitan Area)",67240,301.11,250.64,69770,50.48,0.2014,-2530,-0.0363,,
Table 3,2018,3,30647,32575,"Cleveland, OH (Metropolitan Area)","Los Angeles, CA (Metropolitan Area)",101280,243.06,200.61,103700,42.45,0.2116,-2420,-0.0233,,
Table 3,2018,3,30647,33570,"Cleveland, OH (Metropolitan Area)","San Diego, CA",26040,246.98,197.47,30210,49.51,0.2507,-4170,-0.138,,
Table 3,2018,3,30647,34057,"Cleveland, OH (Metropolitan Area)","Portland, OR",24840,243.52,200.84,24840,42.68,0.2125,0,0,,
Table 3,2018,3,30977,30194,"Chicago, IL","Dallas/Fort Worth, TX",390070,202.74,166.81,405160,35.94,0.2154,-15090,-0.0372,,
Table 3,2018,3,30977,30198,"Chicago, IL","Pittsburgh, PA",108530,188.5,145.55,114910,42.96,0.2952,-6380,-0.0555,,
Table 3,2018,3,30977,30325,"Chicago, IL","Denver, CO",389660,191.77,161.96,383060,29.81,0.184,6600,0.0172,,
Table 3,2018,3,30977,30466,"Chicago, IL","Phoenix, AZ",300210,201.91,165.47,299880,36.44,0.2202,330,0.0011,,
Table 3,2018,3,30977,30647,"Chicago, IL","Cleveland, OH (Metropolitan Area)",118310,195.46,153.31,134060,42.16,0.275,-15750,-0.1175,,
Table 3,2018,3,30977,30852,"Chicago, IL","Washington, DC (Metropolitan Area)",496340,214.76,169.04,555830,45.72,0.2704,-59490,-0.107,,
Table 3,2018,3,30977,31066,"Chicago, IL","Columbus, OH",106650,184.52,151.84,110760,32.68,0.2152,-4110,-0.0371,,
Table 3,2018,3,30977,31295,"Chicago, IL","Detroit, MI",136670,184.86,141.81,147080,43.05,0.3036,-10410,-0.0708,,
Table 3,2018,3,30977,31453,"Chicago, IL","Houston, TX",259470,210.77,171.54,244310,39.23,0.2287,15160,0.062,,
Table 3,2018,3,30977,31454,"Chicago, IL","Orlando, FL",341650,154.43,130.92,345520,23.51,0.1796,-3870,-0.0112,,
Table 3,2018,3,30977,31650,"Chicago, IL","Minneapolis/St. Paul, MN",269770,200.36,123.13,324080,77.24,0.6273,-54310,-0.1676,,
Table 3,2018,3,30977,32337,"Chicago, IL","Indianapolis, IN",27290,171.8,147.81,28270,23.99,0.1623,-980,-0.0347,,
Table 3,2018,3,30977,32457,"Chicago, IL","San Francisco, CA (Metropolitan Area)",526030,253.31,212.33,545550,40.98,0.193,-19520,-0.0358,,
Table 3,2018,3,30977,32575,"Chicago, IL","Los Angeles, CA (Metropolitan Area)",691290,232.56,195.33,721690,37.23,0.1906,-30400,-0.0421,,
Table 3,2018,3,30977,33044,"Chicago, IL","Louisville, KY",39660,171.43,147.9,44750,23.54,0.1591,-5090,-0.1137,,
Table 3,2018,3,30977,33105,"Chicago, IL","Cincinnati, OH",81780,153.69,124.32,78110,29.37,0.2363,3670,0.047,,
Table 3,2018,3,31267,31703,"Dayton, OH","New York City, NY (Metropolitan Area)",23020,195.16,168.87,22380,26.3,0.1557,640,0.0286,,
Table 3,2018,3,31295,30466,"Detroit, MI","Phoenix, AZ",105130,233.64,178.93,111880,54.71,0.3057,-6750,-0.0603,,
Table 3,2018,3,31295,30852,"Detroit, MI","Washington, DC (Metropolitan Area)",181110,180.27,154.35,188090,25.92,0.168,-6980,-0.0371,,
Table 3,2018,3,31295,33495,"Detroit, MI","New Orleans, LA",40650,179.72,155.42,42100,24.3,0.1564,-1450,-0.0344,,
Table 3,2018,3,31453,30198,"Houston, TX","Pittsburgh, PA",56510,278.7,230.85,52480,47.85,0.2073,4030,0.0768,,
Table 3,2018,3,31453,30559,"Houston, TX","Seattle, WA",123370,238.16,202.96,116890,35.19,0.1734,6480,0.0554,,
Table 3,2018,3,31453,31454,"Houston, TX","Orlando, FL",134890,176.08,151.08,127360,24.99,0.1654,7530,0.0591,,
Table 3,2018,3,31453,33195,"Houston, TX","Tampa, FL (Metropolitan Area)",67930,176.8,141.45,64460,35.35,0.2499,3470,0.0538,,
Table 3,2018,3,31453,33495,"Houston, TX","New Orleans, LA",119170,178.89,140.44,117570,38.46,0.2738,1600,0.0136,,
Table 3,2018,3,31453,33570,"Houston, TX","San Diego, CA",91230,212.97,176.68,89050,36.29,0.2054,2180,0.0245,,
Table 3,2018,3,31453,34100,"Houston, TX","Philadelphia, PA",86100,283.99,218.24,84710,65.75,0.3013,1390,0.0164,,
Table 3,2018,3,31454,32457,"Orlando, FL","San Francisco, CA (Metropolitan Area)",131490,261.13,226.06,134770,35.06,0.1551,-3280,-0.0243,,
Table 3,2018,3,31454,33570,"Orlando, FL","San Diego, CA",54400,222.1,175.11,67430,46.99,0.2684,-13030,-0.1932,,
Table 3,2018,3,31650,30466,"Minneapolis/St. Paul, MN","Phoenix, AZ",146570,180.68,154.41,149390,26.26,0.1701,-2820,-0.0189,,
Table 3,2018,3,31650,34100,"Minneapolis/St. Paul, MN","Philadelphia, PA",74110,259.22,192.15,93720,67.07,0.3491,-19610,-0.2092,,
Table 3,2018,3,31986,31650,"Grand Rapids, MI","Minneapolis/St. Paul, MN",21620,245.08,212.39,21650,32.69,0.1539,-30,-0.0014,,
Table 3,2018,3,32211,33256,"Las Vegas, NV","Mission/McAllen/Edinburg, TX",24530,160.4,138.71,25570,21.69,0.1564,-1040,-0.0407,,
Table 3,2018,3,32211,33342,"Las Vegas, NV","Milwaukee, WI",54320,192.07,164.48,69800,27.59,0.1678,-15480,-0.2218,,
Table 3,2018,3,32337,30852,"Indianapolis, IN","Washington, DC (Metropolitan Area)",102530,182.46,153.85,114690,28.61,0.186,-12160,-0.106,,
Table 3,2018,3,32337,31454,"Indianapolis, IN","Orlando, FL",81020,149.56,126.28,86260,23.28,0.1844,-5240,-0.0608,,
Table 3,2018,3,32575,30559,"Los Angeles, CA (Metropolitan Area)","Seattle, WA",851270,175.76,146.83,866450,28.92,0.197,-15180,-0.0175,,
Table 3,2018,3,32575,34570,"Los Angeles, CA (Metropolitan Area)","Reno, NV",115530,176.36,144.38,129080,31.98,0.2215,-13550,-0.105,,
Table 3,2018,3,33105,30325,"Cincinnati, OH","Denver, CO",75590,161.95,137.09,69600,24.86,0.1813,5990,0.0861,,
Table 3,2018,3,33105,30466,"Cincinnati, OH","Phoenix, AZ",35980,177.96,133.06,34290,44.9,0.3374,1690,0.0493,,
Table 3,2018,3,33105,30852,"Cincinnati, OH","Washington, DC (Metropolitan Area)",89680,152.12,125.55,86340,26.57,0.2116,3340,0.0387,,
Table 3,2018,3,33105,31453,"Cincinnati, OH","Houston, TX",31990,237.03,177.66,35490,59.37,0.3342,-3500,-0.0986,,
Table 3,2018,3,33105,31703,"Cincinnati, OH","New York City, NY (Metropolitan Area)",125150,199.89,172.45,122500,27.43,0.1591,2650,0.0216,,
Table 3,2018,3,33105,32457,"Cincinnati, OH","San Francisco, CA (Metropolitan Area)",55940,265.61,197.33,63060,68.29,0.346,-7120,-0.1129,,
Table 3,2018,3,33195,30852,"Tampa, FL (Metropolitan Area)","Washington, DC (Metropolitan Area)",224630,182.09,151.46,246560,30.63,0.2022,-21930,-0.0889,,
Table 3,2018,3,33342,31650,"Milwaukee, WI","Minneapolis/St. Paul, MN",33860,246.69,193.97,37700,52.72,0.2718,-3840,-0.1019,,
Table 3,2018,3,33495,31454,"New Orleans, LA","Orlando, FL",58680,144.79,124.75,56950,20.04,0.1606,1730,0.0304,,
Table 3,2018,3,33570,31884,"San Diego, CA","Spokane, WA",29250,195.15,167.62,29910,27.54,0.1643,-660,-0.0221,,
Table 3,2018,3,34100,34492,"Philadelphia, PA","Raleigh/Durham, NC",55170,215.92,158.83,67060,57.1,0.3595,-11890,-0.1773,,
Table 3,2018,3,34262,30559,"Palm Springs, CA","Seattle, WA",20180,199.95,172.81,20640,27.13,0.157,-460,-0.0223,,
Table 3,2018,3,34492,30852,"Raleigh/Durham, NC","Washington, DC (Metropolitan Area)",92970,180.6,149.81,104590,30.79,0.2055,-11620,-0.1111,,
Table 3,2018,3,34570,30559,"Reno, NV","Seattle, WA",40910,222.32,184.68,43060,37.64,0.2038,-2150,-0.0499,,
Table 3,2018,3,34614,32457,"Salt Lake City, UT","San Francisco, CA (Metropolitan Area)",217010,159.17,138.23,224430,20.94,0.1515,-7420,-0.0331,,
Table 3,2018,3,35412,31703,"Knoxville, TN","New York City, NY (Metropolitan Area)",38570,198.71,157.93,41000,40.78,0.2582,-2430,-0.0593,,
Table 3,2017,1,30466,34570,"Phoenix, AZ","Reno, NV",37630,213.92,184.55,37410,29.37,15.9136,220,0.5881,"Phoenix, AZ
(30.406931, -87.217578)","Reno, NV
(30.177159, -95.162771)"
Table 3,2018,4,30397,34100,"Atlanta, GA (Metropolitan Area)","Philadelphia, PA",191840,199.6,172.04,219540,27.56,0.1602,-27700,-0.1262,,
Table 3,2017,1,30194,31714,"Dallas/Fort Worth, TX","Fort Myers, FL",24960,278.36,173.97,32110,104.39,60.0086,-7150,-22.2672,"Dallas/Fort Worth, TX
(40.11086, -77.035636)","Fort Myers, FL
(40.253979, -103.801495)"
Table 3,2017,1,30194,31871,"Dallas/Fort Worth, TX","Greenville/Spartanburg, SC",15250,266.63,223.6,17110,43.03,19.242,-1860,-10.8708,"Dallas/Fort Worth, TX
(40.11086, -77.035636)","Greenville/Spartanburg, SC
(44.513288, -88.013256)"
Table 3,2017,1,30194,32457,"Dallas/Fort Worth, TX","San Francisco, CA (Metropolitan Area)",247410,232.85,184.04,279590,48.81,26.5222,-32180,-11.5097,"Dallas/Fort Worth, TX
(40.11086, -77.035636)","San Francisco, CA (Metropolitan Area)
(37.78008, -122.420168)"
Table 3,2017,1,30194,32467,"Dallas/Fort Worth, TX","Miami, FL (Metropolitan Area)",181610,222.2,160.74,206590,61.46,38.2368,-24980,-12.0916,"Dallas/Fort Worth, TX
(40.11086, -77.035636)","Miami, FL (Metropolitan Area)
(44.977479, -93.264346)"
Table 3,2017,1,30194,33195,"Dallas/Fort Worth, TX","Tampa, FL (Metropolitan Area)",105210,202.96,173.17,100930,29.79,17.2045,4280,4.2406,"Dallas/Fort Worth, TX
(40.11086, -77.035636)","Tampa, FL (Metropolitan Area)
(37.8606, -78.804199)"
Table 3,2017,1,30194,33256,"Dallas/Fort Worth, TX","Mission/McAllen/Edinburg, TX",16340,240.14,197.72,19460,42.42,21.4572,-3120,-16.0329,"Dallas/Fort Worth, TX
(40.11086, -77.035636)","Mission/McAllen/Edinburg, TX
(43.153621, -93.201042)"
Table 3,2017,1,30194,33495,"Dallas/Fort Worth, TX","New Orleans, LA",114110,178.38,135.45,128210,42.93,31.6984,-14100,-10.9976,"Dallas/Fort Worth, TX
(40.11086, -77.035636)","New Orleans, LA
(29.950621, -90.074948)"
Table 3,2017,1,30194,33570,"Dallas/Fort Worth, TX","San Diego, CA",108820,230.83,168.89,126980,61.93,36.6699,-18160,-14.3015,"Dallas/Fort Worth, TX
(40.11086, -77.035636)","San Diego, CA
(32.71576, -117.163817)"
Table 3,2017,1,30194,34027,"Dallas/Fort Worth, TX","West Palm Beach/Palm Beach, FL",21410,273.96,222.83,21570,51.13,22.9471,-160,-0.7418,"Dallas/Fort Worth, TX
(40.11086, -77.035636)","West Palm Beach/Palm Beach, FL
(33.90976, -98.500854)"
Table 3,2017,1,30325,31136,"Denver, CO","Jacksonville, FL",23770,274.74,237.01,26730,37.74,15.9225,-2960,-11.0737,"Denver, CO
(39.738453, -104.984853)","Jacksonville, FL
(30.325968, -81.65676)"
Table 3,2017,1,30325,33495,"Denver, CO","New Orleans, LA",72240,201.17,171.95,79120,29.22,16.9916,-6880,-8.6957,"Denver, CO
(39.738453, -104.984853)","New Orleans, LA
(29.950621, -90.074948)"
Table 3,2017,1,30397,31714,"Atlanta, GA (Metropolitan Area)","Fort Myers, FL",43310,199.42,168.24,44230,31.18,18.5312,-920,-2.08,"Atlanta, GA (Metropolitan Area)
(33.748547, -84.391502)","Fort Myers, FL
(40.253979, -103.801495)"
Table 3,2017,1,30397,33195,"Atlanta, GA (Metropolitan Area)","Tampa, FL (Metropolitan Area)",146830,163.65,140.06,145600,23.59,16.8399,1230,0.8448,"Atlanta, GA (Metropolitan Area)
(33.748547, -84.391502)","Tampa, FL (Metropolitan Area)
(37.8606, -78.804199)"
Table 3,2017,1,30397,34100,"Atlanta, GA (Metropolitan Area)","Philadelphia, PA",182740,155.61,134.34,199750,21.27,15.8339,-17010,-8.5156,"Atlanta, GA (Metropolitan Area)
(33.748547, -84.391502)","Philadelphia, PA
(39.951061, -75.16562)"
Table 3,2017,1,30397,34986,"Atlanta, GA (Metropolitan Area)","Sarasota/Bradenton, FL",17180,222.54,177.47,18500,45.06,25.3927,-1320,-7.1351,"Atlanta, GA (Metropolitan Area)
(33.748547, -84.391502)","Sarasota/Bradenton, FL
(27.336483, -82.538602)"
Table 3,2017,1,30423,34100,"Austin, TX","Philadelphia, PA",30330,280.09,238.34,26860,41.75,17.5167,3470,12.9188,"Austin, TX
(30.264979, -97.746598)","Philadelphia, PA
(39.951061, -75.16562)"
Table 3,2017,1,30466,32457,"Phoenix, AZ","San Francisco, CA (Metropolitan Area)",369130,177.4,152.31,403390,25.09,16.4722,-34260,-8.493,"Phoenix, AZ
(30.406931, -87.217578)","San Francisco, CA (Metropolitan Area)
(37.78008, -122.420168)"
Table 3,2017,1,30466,34492,"Phoenix, AZ","Raleigh/Durham, NC",28040,303.43,254.71,30400,48.72,19.1284,-2360,-7.7632,"Phoenix, AZ
(30.406931, -87.217578)","Raleigh/Durham, NC
(42.673348, -72.179683)"
Table 3,2017,1,30599,33195,"Birmingham, AL","Tampa, FL (Metropolitan Area)",23400,204.46,174.23,24250,30.23,17.3526,-850,-3.5052,"Birmingham, AL
(33.522859, -86.807705)","Tampa, FL (Metropolitan Area)
(37.8606, -78.804199)"
Table 3,2017,1,30647,30194,"Cleveland, OH (Metropolitan Area)","Dallas/Fort Worth, TX",44140,267.57,183.24,51540,84.32,46.017,-7400,-14.3578,"Cleveland, OH (Metropolitan Area)
(41.505546, -81.6915)","Dallas/Fort Worth, TX
(40.11086, -77.035636)"
Table 3,2017,1,30666,34262,"Bellingham, WA","Palm Springs, CA",14270,129.5,111.81,16370,17.69,15.8186,-2100,-12.8283,"Bellingham, WA
(41.698264, -88.077915)","Palm Springs, CA
(33.830302, -116.546843)"
Table 3,2017,1,30977,31423,"Chicago, IL","Des Moines, IA",17790,251,213.12,20220,37.88,17.7718,-2430,-12.0178,"Chicago, IL
(41.775002, -87.696388)","Des Moines, IA
(41.588822, -93.620309)"
Table 3,2017,1,30977,34100,"Chicago, IL","Philadelphia, PA",167050,229.21,155.28,201190,73.93,47.6095,-34140,-16.969,"Chicago, IL
(41.775002, -87.696388)","Philadelphia, PA
(39.951061, -75.16562)"
Table 3,2017,1,30977,34986,"Chicago, IL","Sarasota/Bradenton, FL",14380,312.65,247.3,22170,65.34,26.4219,-7790,-35.1376,"Chicago, IL
(41.775002, -87.696388)","Sarasota/Bradenton, FL
(27.336483, -82.538602)"
Table 3,2017,1,30994,30194,"Charleston, SC","Dallas/Fort Worth, TX",18310,267.91,209.73,22350,58.18,27.7394,-4040,-18.0761,"Charleston, SC
(32.77647, -79.931027)","Dallas/Fort Worth, TX
(40.11086, -77.035636)"
Table 3,2017,1,30994,32575,"Charleston, SC","Los Angeles, CA (Metropolitan Area)",16020,335.19,291.33,19060,43.86,15.0542,-3040,-15.9496,"Charleston, SC
(32.77647, -79.931027)","Los Angeles, CA (Metropolitan Area)
(34.052238, -118.243344)"
Table 3,2018,4,30397,34653,"Atlanta, GA (Metropolitan Area)","Tulsa, OK",19650,241.82,199.17,20870,42.64,0.2141,-1220,-0.0585,,
Table 3,2017,1,31123,30852,"St. Louis, MO","Washington, DC (Metropolitan Area)",88170,226.47,190.56,95290,35.91,18.8418,-7120,-7.4719,"St. Louis, MO
(38.630276, -90.200309)","Washington, DC (Metropolitan Area)
(38.892062, -77.019912)"
Table 3,2017,1,31123,33195,"St. Louis, MO","Tampa, FL (Metropolitan Area)",36660,249.38,165.54,58890,83.84,50.6431,-22230,-37.7483,"St. Louis, MO
(38.630276, -90.200309)","Tampa, FL (Metropolitan Area)
(37.8606, -78.804199)"
Table 3,2017,1,31136,34100,"Jacksonville, FL","Philadelphia, PA",24300,291.62,243.87,31530,47.76,19.5844,-7230,-22.9305,"Jacksonville, FL
(30.325968, -81.65676)","Philadelphia, PA
(39.951061, -75.16562)"
Table 3,2017,1,31267,30852,"Dayton, OH","Washington, DC (Metropolitan Area)",20600,217.16,178.81,29690,38.34,21.4425,-9090,-30.6164,"Dayton, OH
(39.760982, -84.192203)","Washington, DC (Metropolitan Area)
(38.892062, -77.019912)"
Table 3,2017,1,31295,31136,"Detroit, MI","Jacksonville, FL",16630,265.09,226.4,17720,38.69,17.0908,-1090,-6.1512,"Detroit, MI
(42.332916, -83.047853)","Jacksonville, FL
(30.325968, -81.65676)"
Table 3,2017,1,31637,32211,"Fargo, ND","Las Vegas, NV",19460,184,154.67,18760,29.33,18.9612,700,3.7313,"Fargo, ND
(36.731654, -119.785856)","Las Vegas, NV
(36.169202, -115.140597)"
Table 3,2017,1,31703,33851,"New York City, NY (Metropolitan Area)","Oklahoma City, OK",20030,284.24,240.28,22940,43.97,18.2981,-2910,-12.6853,"New York City, NY (Metropolitan Area)
(40.123164, -75.333718)","Oklahoma City, OK
(35.468494, -97.521264)"
Table 3,2017,1,31714,34100,"Fort Myers, FL","Philadelphia, PA",52480,248.51,185.05,82940,63.45,34.2892,-30460,-36.7253,"Fort Myers, FL
(40.253979, -103.801495)","Philadelphia, PA
(39.951061, -75.16562)"
Table 3,2017,1,32600,30852,"Little Rock, AR","Washington, DC (Metropolitan Area)",17330,265.74,230.66,19100,35.08,15.2098,-1770,-9.267,"Little Rock, AR
(34.748745, -92.275105)","Washington, DC (Metropolitan Area)
(38.892062, -77.019912)"
Table 3,2017,1,33044,31454,"Louisville, KY","Orlando, FL",28800,201.07,173.62,33590,27.45,15.8107,-4790,-14.2602,"Louisville, KY
(38.256078, -85.751569)","Orlando, FL
(28.538331, -81.378879)"
Table 3,2017,1,33192,30559,"Sacramento, CA","Seattle, WA",95830,150.77,127.1,107010,23.67,18.6237,-11180,-10.4476,"Sacramento, CA
(38.582087, -121.50012)","Seattle, WA
(47.603229, -122.33028)"
Table 3,2018,4,30423,30198,"Austin, TX","Pittsburgh, PA",18830,264.7,209.62,20550,55.08,0.2628,-1720,-0.0837,,
Table 3,2017,1,33244,34100,"Memphis, TN","Philadelphia, PA",15390,289.85,218.07,16740,71.78,32.9165,-1350,-8.0645,"Memphis, TN
(35.143378, -90.052136)","Philadelphia, PA
(39.951061, -75.16562)"
Table 3,2017,1,33495,30559,"New Orleans, LA","Seattle, WA",31960,257,221.72,31940,35.27,15.9075,20,0.0626,"New Orleans, LA
(29.950621, -90.074948)","Seattle, WA
(47.603229, -122.33028)"
Table 3,2017,1,33495,31703,"New Orleans, LA","New York City, NY (Metropolitan Area)",173930,256.58,217.72,180950,38.86,17.8471,-7020,-3.8795,"New Orleans, LA
(29.950621, -90.074948)","New York City, NY (Metropolitan Area)
(40.123164, -75.333718)"
Table 3,2017,1,34100,33570,"Philadelphia, PA","San Diego, CA",50800,326.13,275.03,62200,51.11,18.5823,-11400,-18.328,"Philadelphia, PA
(39.951061, -75.16562)","San Diego, CA
(32.71576, -117.163817)"
Table 3,2017,2,30140,34057,"Albuquerque, NM","Portland, OR",18330,243.39,186.25,23280,57.14,0.3068,-4950,-0.2126,"Albuquerque, NM
(35.084248, -106.649241)","Portland, OR
(45.516018, -122.681425)"
Table 3,2017,2,30194,30466,"Dallas/Fort Worth, TX","Phoenix, AZ",204680,180.88,156.45,207830,24.43,0.1561,-3150,-0.0152,"Dallas/Fort Worth, TX
(40.11086, -77.035636)","Phoenix, AZ
(30.406931, -87.217578)"
Table 3,2017,2,30194,31454,"Dallas/Fort Worth, TX","Orlando, FL",233370,181.69,154.82,235490,26.88,0.1736,-2120,-0.009,"Dallas/Fort Worth, TX
(40.11086, -77.035636)","Orlando, FL
(28.538331, -81.378879)"
Table 3,2017,2,30194,32467,"Dallas/Fort Worth, TX","Miami, FL (Metropolitan Area)",200620,209.17,158.71,226450,50.46,0.318,-25830,-0.1141,"Dallas/Fort Worth, TX
(40.11086, -77.035636)","Miami, FL (Metropolitan Area)
(44.977479, -93.264346)"
Table 3,2017,2,30194,33195,"Dallas/Fort Worth, TX","Tampa, FL (Metropolitan Area)",110710,204.66,175.79,111080,28.88,0.1643,-370,-0.0033,"Dallas/Fort Worth, TX
(40.11086, -77.035636)","Tampa, FL (Metropolitan Area)
(37.8606, -78.804199)"
Table 3,2017,2,30194,33570,"Dallas/Fort Worth, TX","San Diego, CA",153050,192.75,157.38,154130,35.37,0.2248,-1080,-0.007,"Dallas/Fort Worth, TX
(40.11086, -77.035636)","San Diego, CA
(32.71576, -117.163817)"
Table 3,2017,2,30194,34027,"Dallas/Fort Worth, TX","West Palm Beach/Palm Beach, FL",18730,276.04,211.94,20870,64.1,0.3025,-2140,-0.1025,"Dallas/Fort Worth, TX
(40.11086, -77.035636)","West Palm Beach/Palm Beach, FL
(33.90976, -98.500854)"
Table 3,2017,2,30255,30852,"Huntsville, AL","Washington, DC (Metropolitan Area)",29660,347.4,301.33,30590,46.07,0.1529,-930,-0.0304,"Huntsville, AL
(34.729538, -86.585283)","Washington, DC (Metropolitan Area)
(38.892062, -77.019912)"
Table 3,2017,2,30397,30977,"Atlanta, GA (Metropolitan Area)","Chicago, IL",376860,165.19,137.71,402280,27.48,0.1996,-25420,-0.0632,"Atlanta, GA (Metropolitan Area)
(33.748547, -84.391502)","Chicago, IL
(41.775002, -87.696388)"
Table 3,2017,2,30397,31714,"Atlanta, GA (Metropolitan Area)","Fort Myers, FL",43010,194.26,153.36,47680,40.9,0.2667,-4670,-0.0979,"Atlanta, GA (Metropolitan Area)
(33.748547, -84.391502)","Fort Myers, FL
(40.253979, -103.801495)"
Table 3,2017,2,30397,32070,"Atlanta, GA (Metropolitan Area)","Harrisburg, PA",17650,258.57,223.02,19520,35.54,0.1594,-1870,-0.0958,"Atlanta, GA (Metropolitan Area)
(33.748547, -84.391502)","Harrisburg, PA
(40.259572, -76.881821)"
Table 3,2017,2,30397,33667,"Atlanta, GA (Metropolitan Area)","Norfolk, VA (Metropolitan Area)",38560,242.43,205.14,42470,37.29,0.1818,-3910,-0.0921,"Atlanta, GA (Metropolitan Area)
(33.748547, -84.391502)","Norfolk, VA (Metropolitan Area)
(36.846164, -76.285913)"
Table 3,2017,2,30397,33851,"Atlanta, GA (Metropolitan Area)","Oklahoma City, OK",25920,243.66,207.67,29810,36,0.1733,-3890,-0.1305,"Atlanta, GA (Metropolitan Area)
(33.748547, -84.391502)","Oklahoma City, OK
(35.468494, -97.521264)"
Table 3,2017,2,30397,34100,"Atlanta, GA (Metropolitan Area)","Philadelphia, PA",214210,175.06,146.84,237020,28.22,0.1921,-22810,-0.0962,"Atlanta, GA (Metropolitan Area)
(33.748547, -84.391502)","Philadelphia, PA
(39.951061, -75.16562)"
Table 3,2017,2,30397,34524,"Atlanta, GA (Metropolitan Area)","Richmond, VA",61200,214.18,182.61,67070,31.56,0.1728,-5870,-0.0875,"Atlanta, GA (Metropolitan Area)
(33.748547, -84.391502)","Richmond, VA
(37.540759, -77.433932)"
Table 3,2017,2,30466,34492,"Phoenix, AZ","Raleigh/Durham, NC",33380,308.42,245.39,34610,63.03,0.2569,-1230,-0.0355,"Phoenix, AZ
(30.406931, -87.217578)","Raleigh/Durham, NC
(42.673348, -72.179683)"
Table 3,2017,2,30647,30194,"Cleveland, OH (Metropolitan Area)","Dallas/Fort Worth, TX",61640,221.21,192.16,67720,29.05,0.1512,-6080,-0.0898,"Cleveland, OH (Metropolitan Area)
(41.505546, -81.6915)","Dallas/Fort Worth, TX
(40.11086, -77.035636)"
Table 3,2017,2,30647,30693,"Cleveland, OH (Metropolitan Area)","Nashville, TN",35640,189.59,163.58,39140,26.01,0.159,-3500,-0.0894,"Cleveland, OH (Metropolitan Area)
(41.505546, -81.6915)","Nashville, TN
(36.166687, -86.779932)"
Table 3,2017,2,30647,34100,"Cleveland, OH (Metropolitan Area)","Philadelphia, PA",26410,324.55,256.85,33270,67.69,0.2636,-6860,-0.2062,"Cleveland, OH (Metropolitan Area)
(41.505546, -81.6915)","Philadelphia, PA
(39.951061, -75.16562)"
Table 3,2017,2,30693,30198,"Nashville, TN","Pittsburgh, PA",24350,220.15,170.03,24120,50.13,0.2948,230,0.0095,"Nashville, TN
(36.166687, -86.779932)","Pittsburgh, PA
(40.442169, -79.994945)"
Table 3,2017,2,30693,31481,"Nashville, TN","Panama City, FL",22760,181.03,151.68,25580,29.35,0.1935,-2820,-0.1102,"Nashville, TN
(36.166687, -86.779932)","Panama City, FL
(30.185159, -85.73078)"
Table 3,2017,2,30713,33192,"Boise, ID","Sacramento, CA",22900,138.51,120.29,22580,18.22,0.1515,320,0.0142,"Boise, ID
(43.597772, -83.884521)","Sacramento, CA
(38.582087, -121.50012)"
Table 3,2017,2,30721,30194,"Boston, MA (Metropolitan Area)","Dallas/Fort Worth, TX",200460,231.26,197.58,201880,33.68,0.1704,-1420,-0.007,"Boston, MA (Metropolitan Area)
(42.358894, -71.056742)","Dallas/Fort Worth, TX
(40.11086, -77.035636)"
Table 3,2017,2,30721,33342,"Boston, MA (Metropolitan Area)","Milwaukee, WI",51050,196.05,170.16,54540,25.89,0.1521,-3490,-0.064,"Boston, MA (Metropolitan Area)
(42.358894, -71.056742)","Milwaukee, WI
(43.041072, -87.909421)"
Table 3,2017,2,30792,30466,"Buffalo, NY","Phoenix, AZ",19740,293.71,243.53,20680,50.18,0.206,-940,-0.0454,"Buffalo, NY
(39.945422, -78.64671)","Phoenix, AZ
(30.406931, -87.217578)"
Table 3,2017,2,30792,31714,"Buffalo, NY","Fort Myers, FL",19500,213.36,177.31,15620,36.05,0.2033,3880,0.2484,"Buffalo, NY
(39.945422, -78.64671)","Fort Myers, FL
(40.253979, -103.801495)"
Table 3,2017,2,30792,33195,"Buffalo, NY","Tampa, FL (Metropolitan Area)",40350,194.23,157.64,44130,36.59,0.2322,-3780,-0.0857,"Buffalo, NY
(39.945422, -78.64671)","Tampa, FL (Metropolitan Area)
(37.8606, -78.804199)"
Table 3,2017,2,30852,34027,"Washington, DC (Metropolitan Area)","West Palm Beach/Palm Beach, FL",89330,185.22,160.2,89370,25.02,0.1562,-40,-0.0004,"Washington, DC (Metropolitan Area)
(38.892062, -77.019912)","West Palm Beach/Palm Beach, FL
(33.90976, -98.500854)"
Table 3,2017,2,30977,30559,"Chicago, IL","Seattle, WA",198590,266.08,213.01,207470,53.07,0.2492,-8880,-0.0428,"Chicago, IL
(41.775002, -87.696388)","Seattle, WA
(47.603229, -122.33028)"
Table 3,2017,2,30977,30693,"Chicago, IL","Nashville, TN",127110,215.9,172.37,133800,43.54,0.2526,-6690,-0.05,"Chicago, IL
(41.775002, -87.696388)","Nashville, TN
(36.166687, -86.779932)"
Table 3,2017,2,30977,30928,"Chicago, IL","Wichita, KS",17030,236.85,202.22,20080,34.63,0.1712,-3050,-0.1519,"Chicago, IL
(41.775002, -87.696388)","Wichita, KS
(39.960481, -75.605214)"
Table 3,2017,2,30977,31423,"Chicago, IL","Des Moines, IA",20900,266.33,220.86,22870,45.47,0.2059,-1970,-0.0861,"Chicago, IL
(41.775002, -87.696388)","Des Moines, IA
(41.588822, -93.620309)"
Table 3,2017,2,30977,34100,"Chicago, IL","Philadelphia, PA",253920,239.51,178.42,283180,61.09,0.3424,-29260,-0.1033,"Chicago, IL
(41.775002, -87.696388)","Philadelphia, PA
(39.951061, -75.16562)"
Table 3,2017,2,30977,34492,"Chicago, IL","Raleigh/Durham, NC",120010,210.4,164.36,129670,46.03,0.2801,-9660,-0.0745,"Chicago, IL
(41.775002, -87.696388)","Raleigh/Durham, NC
(42.673348, -72.179683)"
Table 3,2017,2,30994,32457,"Charleston, SC","San Francisco, CA (Metropolitan Area)",17380,349.81,297.75,20570,52.06,0.1748,-3190,-0.1551,"Charleston, SC
(32.77647, -79.931027)","San Francisco, CA (Metropolitan Area)
(37.78008, -122.420168)"
Table 3,2017,2,31057,30977,"Charlotte, NC","Chicago, IL",139250,214.33,182.19,138190,32.14,0.1764,1060,0.0077,"Charlotte, NC
(35.222936, -80.840161)","Chicago, IL
(41.775002, -87.696388)"
Table 3,2017,2,31066,30693,"Columbus, OH","Nashville, TN",17650,213.61,175.25,18900,38.36,0.2189,-1250,-0.0661,"Columbus, OH
(39.962649, -82.996216)","Nashville, TN
(36.166687, -86.779932)"
Table 3,2017,2,31136,34100,"Jacksonville, FL","Philadelphia, PA",29410,292.68,241.78,34780,50.9,0.2105,-5370,-0.1544,"Jacksonville, FL
(30.325968, -81.65676)","Philadelphia, PA
(39.951061, -75.16562)"
Table 3,2017,2,31295,32211,"Detroit, MI","Las Vegas, NV",168860,215.13,186.97,180740,28.17,0.1506,-11880,-0.0657,"Detroit, MI
(42.332916, -83.047853)","Las Vegas, NV
(36.169202, -115.140597)"
Table 3,2017,2,31295,34027,"Detroit, MI","West Palm Beach/Palm Beach, FL",18280,224.28,188.63,24140,35.66,0.189,-5860,-0.2428,"Detroit, MI
(42.332916, -83.047853)","West Palm Beach/Palm Beach, FL
(33.90976, -98.500854)"
Table 3,2017,2,31453,31136,"Houston, TX","Jacksonville, FL",22930,281.15,242.33,25360,38.82,0.1602,-2430,-0.0958,"Houston, TX
(29.760803, -95.369506)","Jacksonville, FL
(30.325968, -81.65676)"
Table 3,2017,2,31453,32467,"Houston, TX","Miami, FL (Metropolitan Area)",174410,190.31,160.8,181320,29.51,0.1835,-6910,-0.0381,"Houston, TX
(29.760803, -95.369506)","Miami, FL (Metropolitan Area)
(44.977479, -93.264346)"
Table 3,2017,2,31453,33158,"Houston, TX","Midland/Odessa, TX",52450,299.24,256.89,49530,42.34,0.1648,2920,0.059,"Houston, TX
(29.760803, -95.369506)","Midland/Odessa, TX
(31.997433, -102.078043)"
Table 3,2017,2,31454,34100,"Orlando, FL","Philadelphia, PA",286840,160.12,138.36,297650,21.76,0.1572,-10810,-0.0363,"Orlando, FL
(28.538331, -81.378879)","Philadelphia, PA
(39.951061, -75.16562)"
Table 3,2017,2,31454,34576,"Orlando, FL","Rochester, NY",33190,195.62,161.93,32750,33.68,0.208,440,0.0134,"Orlando, FL
(28.538331, -81.378879)","Rochester, NY
(43.155708, -77.612547)"
Table 3,2017,2,31454,35356,"Orlando, FL","Trenton, NJ",20490,110.94,95.37,19920,15.56,0.1632,570,0.0286,"Orlando, FL
(28.538331, -81.378879)","Trenton, NJ
(40.220572, -74.759709)"
Table 3,2017,2,31638,30559,"Fresno, CA","Seattle, WA",22740,210.94,177.44,22490,33.51,0.1888,250,0.0111,"Fresno, CA
(36.731654, -119.785856)","Seattle, WA
(47.603229, -122.33028)"
Table 3,2017,2,31703,34570,"New York City, NY (Metropolitan Area)","Reno, NV",27350,267.68,228.34,28440,39.34,0.1723,-1090,-0.0383,"New York City, NY (Metropolitan Area)
(40.123164, -75.333718)","Reno, NV
(30.177159, -95.162771)"
Table 3,2017,2,31714,34100,"Fort Myers, FL","Philadelphia, PA",44020,255.96,190.49,44030,65.47,0.3437,-10,-0.0002,"Fort Myers, FL
(40.253979, -103.801495)","Philadelphia, PA
(39.951061, -75.16562)"
Table 3,2017,2,31986,31454,"Grand Rapids, MI","Orlando, FL",24170,203.84,162.28,37110,41.56,0.2561,-12940,-0.3487,"Grand Rapids, MI
(47.925705, -97.036068)","Orlando, FL
(28.538331, -81.378879)"
Table 3,2017,2,32211,32467,"Las Vegas, NV","Miami, FL (Metropolitan Area)",163200,218.64,173.24,181480,45.4,0.262,-18280,-0.1007,"Las Vegas, NV
(36.169202, -115.140597)","Miami, FL (Metropolitan Area)
(44.977479, -93.264346)"
Table 3,2017,2,32211,34100,"Las Vegas, NV","Philadelphia, PA",135380,242.08,205.35,151500,36.73,0.1789,-16120,-0.1064,"Las Vegas, NV
(36.169202, -115.140597)","Philadelphia, PA
(39.951061, -75.16562)"
Table 3,2017,2,32337,34100,"Indianapolis, IN","Philadelphia, PA",31600,310.1,255.68,39000,54.42,0.2128,-7400,-0.1897,"Indianapolis, IN
(39.76845, -86.156212)","Philadelphia, PA
(39.951061, -75.16562)"
Table 3,2017,2,32448,30852,"Jackson/Vicksburg, MS","Washington, DC (Metropolitan Area)",17250,286.66,242.54,19800,44.12,0.1819,-2550,-0.1288,"Jackson/Vicksburg, MS
(30.325968, -81.65676)","Washington, DC (Metropolitan Area)
(38.892062, -77.019912)"
Table 3,2017,2,32457,31884,"San Francisco, CA (Metropolitan Area)","Spokane, WA",34610,208.38,180.75,37970,27.64,0.1529,-3360,-0.0885,"San Francisco, CA (Metropolitan Area)
(37.78008, -122.420168)","Spokane, WA
(47.658999, -117.425022)"
Table 3,2017,2,32467,33667,"Miami, FL (Metropolitan Area)","Norfolk, VA (Metropolitan Area)",28990,226.21,195.44,29610,30.77,0.1574,-620,-0.0209,"Miami, FL (Metropolitan Area)
(44.977479, -93.264346)","Norfolk, VA (Metropolitan Area)
(36.846164, -76.285913)"
Table 3,2017,2,32467,34100,"Miami, FL (Metropolitan Area)","Philadelphia, PA",256400,170.73,143.23,275400,27.49,0.192,-19000,-0.069,"Miami, FL (Metropolitan Area)
(44.977479, -93.264346)","Philadelphia, PA
(39.951061, -75.16562)"
Table 3,2017,2,32575,30693,"Los Angeles, CA (Metropolitan Area)","Nashville, TN",132150,293.22,248.26,131520,44.97,0.1811,630,0.0048,"Los Angeles, CA (Metropolitan Area)
(34.052238, -118.243344)","Nashville, TN
(36.166687, -86.779932)"
Table 3,2017,2,32575,33195,"Los Angeles, CA (Metropolitan Area)","Tampa, FL (Metropolitan Area)",73030,327,281.83,86010,45.17,0.1603,-12980,-0.1509,"Los Angeles, CA (Metropolitan Area)
(34.052238, -118.243344)","Tampa, FL (Metropolitan Area)
(37.8606, -78.804199)"
Table 3,2017,2,32600,30852,"Little Rock, AR","Washington, DC (Metropolitan Area)",22860,286.05,237.49,24650,48.56,0.2045,-1790,-0.0726,"Little Rock, AR
(34.748745, -92.275105)","Washington, DC (Metropolitan Area)
(38.892062, -77.019912)"
Table 3,2017,2,33044,31454,"Louisville, KY","Orlando, FL",32650,201.39,171.49,39050,29.89,0.1743,-6400,-0.1639,"Louisville, KY
(38.256078, -85.751569)","Orlando, FL
(28.538331, -81.378879)"
Table 3,2017,2,33192,30559,"Sacramento, CA","Seattle, WA",135500,156.22,129.02,143830,27.2,0.2108,-8330,-0.0579,"Sacramento, CA
(38.582087, -121.50012)","Seattle, WA
(47.603229, -122.33028)"
Table 3,2017,2,33192,30852,"Sacramento, CA","Washington, DC (Metropolitan Area)",61110,358.84,310.48,63030,48.36,0.1558,-1920,-0.0305,"Sacramento, CA
(38.582087, -121.50012)","Washington, DC (Metropolitan Area)
(38.892062, -77.019912)"
Table 3,2017,2,33198,30852,"Kansas City, MO","Washington, DC (Metropolitan Area)",115300,239.45,207.04,124270,32.42,0.1566,-8970,-0.0722,"Kansas City, MO
(39.099792, -94.578559)","Washington, DC (Metropolitan Area)
(38.892062, -77.019912)"
Table 3,2017,2,33198,34057,"Kansas City, MO","Portland, OR",28670,249.96,214.88,31840,35.08,0.1632,-3170,-0.0996,"Kansas City, MO
(39.099792, -94.578559)","Portland, OR
(45.516018, -122.681425)"
Table 3,2017,2,33342,31650,"Milwaukee, WI","Minneapolis/St. Paul, MN",39410,194.39,155.06,46650,39.33,0.2537,-7240,-0.1552,"Milwaukee, WI
(43.041072, -87.909421)","Minneapolis/St. Paul, MN
(44.977479, -93.264346)"
Table 3,2017,2,33485,30852,"Madison, WI","Washington, DC (Metropolitan Area)",21490,282.12,241.18,24450,40.95,0.1698,-2960,-0.1211,"Madison, WI
(43.073926, -89.385244)","Washington, DC (Metropolitan Area)
(38.892062, -77.019912)"
Table 3,2017,2,33667,31454,"Norfolk, VA (Metropolitan Area)","Orlando, FL",32210,204.55,170.58,36400,33.97,0.1991,-4190,-0.1151,"Norfolk, VA (Metropolitan Area)
(36.846164, -76.285913)","Orlando, FL
(28.538331, -81.378879)"
Table 3,2017,2,34100,33192,"Philadelphia, PA","Sacramento, CA",18200,343.8,276.67,22050,67.13,0.2426,-3850,-0.1746,"Philadelphia, PA
(39.951061, -75.16562)","Sacramento, CA
(38.582087, -121.50012)"
Table 3,2017,2,34492,33570,"Raleigh/Durham, NC","San Diego, CA",28000,306.9,266.07,27420,40.84,0.1535,580,0.0212,"Raleigh/Durham, NC
(42.673348, -72.179683)","San Diego, CA
(32.71576, -117.163817)"
Table 3,2017,3,30194,30466,"Dallas/Fort Worth, TX","Phoenix, AZ",166240,186.1,151.4,177990,34.7,0.2292,-11750,-0.066,"Dallas/Fort Worth, TX
(40.11086, -77.035636)","Phoenix, AZ
(30.406931, -87.217578)"
Table 3,2017,3,30194,31454,"Dallas/Fort Worth, TX","Orlando, FL",197110,177.25,147.78,209440,29.47,0.1994,-12330,-0.0589,"Dallas/Fort Worth, TX
(40.11086, -77.035636)","Orlando, FL
(28.538331, -81.378879)"
Table 3,2017,3,30194,32211,"Dallas/Fort Worth, TX","Las Vegas, NV",252890,174.43,150.87,278300,23.56,0.1561,-25410,-0.0913,"Dallas/Fort Worth, TX
(40.11086, -77.035636)","Las Vegas, NV
(36.169202, -115.140597)"
Table 3,2017,3,30194,32467,"Dallas/Fort Worth, TX","Miami, FL (Metropolitan Area)",179120,216.19,166.35,208740,49.84,0.2996,-29620,-0.1419,"Dallas/Fort Worth, TX
(40.11086, -77.035636)","Miami, FL (Metropolitan Area)
(44.977479, -93.264346)"
Table 3,2017,3,30194,33495,"Dallas/Fort Worth, TX","New Orleans, LA",110640,149.66,128.67,120300,20.99,0.1632,-9660,-0.0803,"Dallas/Fort Worth, TX
(40.11086, -77.035636)","New Orleans, LA
(29.950621, -90.074948)"
Table 3,2017,3,30194,34057,"Dallas/Fort Worth, TX","Portland, OR",85410,218.11,175.88,96840,42.23,0.2401,-11430,-0.118,"Dallas/Fort Worth, TX
(40.11086, -77.035636)","Portland, OR
(45.516018, -122.681425)"
Table 3,2017,3,30257,31057,"Albany, NY","Charlotte, NC",16850,258.88,225.06,20640,33.82,0.1503,-3790,-0.1836,"Albany, NY
(42.651242, -73.755418)","Charlotte, NC
(35.222936, -80.840161)"
Table 3,2017,3,30397,30194,"Atlanta, GA (Metropolitan Area)","Dallas/Fort Worth, TX",289880,164.96,141.78,311140,23.18,0.1635,-21260,-0.0683,"Atlanta, GA (Metropolitan Area)
(33.748547, -84.391502)","Dallas/Fort Worth, TX
(40.11086, -77.035636)"
Table 3,2017,3,30397,30977,"Atlanta, GA (Metropolitan Area)","Chicago, IL",405340,147.43,126.66,421710,20.76,0.1639,-16370,-0.0388,"Atlanta, GA (Metropolitan Area)
(33.748547, -84.391502)","Chicago, IL
(41.775002, -87.696388)"
Table 3,2017,3,30397,34100,"Atlanta, GA (Metropolitan Area)","Philadelphia, PA",198910,171.32,148.61,225590,22.71,0.1528,-26680,-0.1183,"Atlanta, GA (Metropolitan Area)
(33.748547, -84.391502)","Philadelphia, PA
(39.951061, -75.16562)"
Table 3,2017,3,30529,34492,"Hartford, CT","Raleigh/Durham, NC",18730,206.94,174.85,20840,32.09,0.1835,-2110,-0.1012,"Hartford, CT
(41.765775, -72.673356)","Raleigh/Durham, NC
(42.673348, -72.179683)"
Table 3,2017,3,30647,34100,"Cleveland, OH (Metropolitan Area)","Philadelphia, PA",26030,319.65,253.54,32730,66.11,0.2608,-6700,-0.2047,"Cleveland, OH (Metropolitan Area)
(41.505546, -81.6915)","Philadelphia, PA
(39.951061, -75.16562)"
Table 3,2017,3,30693,30198,"Nashville, TN","Pittsburgh, PA",23060,195.59,166.78,22920,28.81,0.1727,140,0.0061,"Nashville, TN
(36.166687, -86.779932)","Pittsburgh, PA
(40.442169, -79.994945)"
Table 3,2017,3,30977,30559,"Chicago, IL","Seattle, WA",240090,248.18,200.26,263040,47.92,0.2393,-22950,-0.0872,"Chicago, IL
(41.775002, -87.696388)","Seattle, WA
(47.603229, -122.33028)"
Table 3,2017,3,30977,30693,"Chicago, IL","Nashville, TN",123600,210.63,164.31,136680,46.32,0.2819,-13080,-0.0957,"Chicago, IL
(41.775002, -87.696388)","Nashville, TN
(36.166687, -86.779932)"
Table 3,2017,3,30977,31423,"Chicago, IL","Des Moines, IA",19400,272.23,233.55,22450,38.68,0.1656,-3050,-0.1359,"Chicago, IL
(41.775002, -87.696388)","Des Moines, IA
(41.588822, -93.620309)"
Table 3,2017,3,30977,34100,"Chicago, IL","Philadelphia, PA",240830,224.46,175.27,290140,49.19,0.2807,-49310,-0.17,"Chicago, IL
(41.775002, -87.696388)","Philadelphia, PA
(39.951061, -75.16562)"
Table 3,2017,3,30977,34492,"Chicago, IL","Raleigh/Durham, NC",119980,199.39,156.23,136630,43.16,0.2762,-16650,-0.1219,"Chicago, IL
(41.775002, -87.696388)","Raleigh/Durham, NC
(42.673348, -72.179683)"
Table 3,2017,3,31057,30977,"Charlotte, NC","Chicago, IL",125930,222.13,177.45,149410,44.69,0.2518,-23480,-0.1572,"Charlotte, NC
(35.222936, -80.840161)","Chicago, IL
(41.775002, -87.696388)"
Table 3,2017,3,31066,30693,"Columbus, OH","Nashville, TN",18380,208.15,176.39,17590,31.75,0.18,790,0.0449,"Columbus, OH
(39.962649, -82.996216)","Nashville, TN
(36.166687, -86.779932)"
Table 3,2017,3,31066,34100,"Columbus, OH","Philadelphia, PA",25020,312.89,246.28,31340,66.62,0.2705,-6320,-0.2017,"Columbus, OH
(39.962649, -82.996216)","Philadelphia, PA
(39.951061, -75.16562)"
Table 3,2017,3,31136,34100,"Jacksonville, FL","Philadelphia, PA",22860,289.12,247.92,28360,41.2,0.1662,-5500,-0.1939,"Jacksonville, FL
(30.325968, -81.65676)","Philadelphia, PA
(39.951061, -75.16562)"
Table 3,2017,3,31453,33158,"Houston, TX","Midland/Odessa, TX",49890,306.78,260.97,46730,45.8,0.1755,3160,0.0676,"Houston, TX
(29.760803, -95.369506)","Midland/Odessa, TX
(31.997433, -102.078043)"
Table 3,2017,3,31703,34986,"New York City, NY (Metropolitan Area)","Sarasota/Bradenton, FL",26890,226.51,189.43,32890,37.08,0.1958,-6000,-0.1824,"New York City, NY (Metropolitan Area)
(40.123164, -75.333718)","Sarasota/Bradenton, FL
(27.336483, -82.538602)"
Table 3,2017,3,31986,33195,"Grand Rapids, MI","Tampa, FL (Metropolitan Area)",23530,142.99,124.18,24180,18.81,0.1515,-650,-0.0269,"Grand Rapids, MI
(47.925705, -97.036068)","Tampa, FL (Metropolitan Area)
(37.8606, -78.804199)"
Table 3,2017,3,32337,34100,"Indianapolis, IN","Philadelphia, PA",30950,311.31,234.64,37260,76.66,0.3267,-6310,-0.1694,"Indianapolis, IN
(39.76845, -86.156212)","Philadelphia, PA
(39.951061, -75.16562)"
Table 3,2017,3,32467,33195,"Miami, FL (Metropolitan Area)","Tampa, FL (Metropolitan Area)",61800,146.97,124.28,73210,22.69,0.1826,-11410,-0.1558,"Miami, FL (Metropolitan Area)
(44.977479, -93.264346)","Tampa, FL (Metropolitan Area)
(37.8606, -78.804199)"
Table 3,2017,3,32575,30693,"Los Angeles, CA (Metropolitan Area)","Nashville, TN",126760,280.94,216.32,139500,64.62,0.2987,-12740,-0.0913,"Los Angeles, CA (Metropolitan Area)
(34.052238, -118.243344)","Nashville, TN
(36.166687, -86.779932)"
Table 3,2017,3,32575,34057,"Los Angeles, CA (Metropolitan Area)","Portland, OR",507490,142.18,123.11,497200,19.08,0.155,10290,0.0207,"Los Angeles, CA (Metropolitan Area)
(34.052238, -118.243344)","Portland, OR
(45.516018, -122.681425)"
Table 3,2017,3,34057,30559,"Portland, OR","Seattle, WA",70200,150.1,123.57,72850,26.53,0.2147,-2650,-0.0364,"Portland, OR
(45.516018, -122.681425)","Seattle, WA
(47.603229, -122.33028)"
Table 3,2017,3,34614,30559,"Salt Lake City, UT","Seattle, WA",109150,205.34,174.21,113360,31.13,0.1787,-4210,-0.0371,"Salt Lake City, UT
(40.758478, -111.888142)","Seattle, WA
(47.603229, -122.33028)"
Table 3,2017,4,30194,30466,"Dallas/Fort Worth, TX","Phoenix, AZ",203660,195.32,158.25,211490,37.07,0.2342,-7830,-0.037,"Dallas/Fort Worth, TX
(40.11086, -77.035636)","Phoenix, AZ
(30.406931, -87.217578)"
Table 3,2017,4,30194,32211,"Dallas/Fort Worth, TX","Las Vegas, NV",237930,178.75,154.18,269360,24.57,0.1594,-31430,-0.1167,"Dallas/Fort Worth, TX
(40.11086, -77.035636)","Las Vegas, NV
(36.169202, -115.140597)"
Table 3,2017,4,30325,30466,"Denver, CO","Phoenix, AZ",319340,143.43,122.72,281680,20.71,0.1688,37660,0.1337,"Denver, CO
(39.738453, -104.984853)","Phoenix, AZ
(30.406931, -87.217578)"
Table 3,2017,4,30325,33244,"Denver, CO","Memphis, TN",26700,206.33,170.21,27490,36.12,0.2122,-790,-0.0287,"Denver, CO
(39.738453, -104.984853)","Memphis, TN
(35.143378, -90.052136)"
Table 3,2017,4,30397,30466,"Atlanta, GA (Metropolitan Area)","Phoenix, AZ",121220,235.84,202.94,125010,32.9,0.1621,-3790,-0.0303,"Atlanta, GA (Metropolitan Area)
(33.748547, -84.391502)","Phoenix, AZ
(30.406931, -87.217578)"
Table 3,2017,4,30397,32575,"Atlanta, GA (Metropolitan Area)","Los Angeles, CA (Metropolitan Area)",358860,286.82,248.94,341570,37.88,0.1522,17290,0.0506,"Atlanta, GA (Metropolitan Area)
(33.748547, -84.391502)","Los Angeles, CA (Metropolitan Area)
(34.052238, -118.243344)"
Table 3,2017,4,30397,34027,"Atlanta, GA (Metropolitan Area)","West Palm Beach/Palm Beach, FL",70460,172.74,144.82,77080,27.92,0.1928,-6620,-0.0859,"Atlanta, GA (Metropolitan Area)
(33.748547, -84.391502)","West Palm Beach/Palm Beach, FL
(33.90976, -98.500854)"
Table 3,2017,4,30466,30559,"Phoenix, AZ","Seattle, WA",258980,183.38,150.16,254200,33.22,0.2212,4780,0.0188,"Phoenix, AZ
(30.406931, -87.217578)","Seattle, WA
(47.603229, -122.33028)"
Table 3,2017,4,30466,31123,"Phoenix, AZ","St. Louis, MO",67500,232.93,194.09,72320,38.84,0.2001,-4820,-0.0666,"Phoenix, AZ
(30.406931, -87.217578)","St. Louis, MO
(38.630276, -90.200309)"
Table 3,2017,4,30466,34057,"Phoenix, AZ","Portland, OR",154230,174.96,148.29,151960,26.67,0.1799,2270,0.0149,"Phoenix, AZ
(30.406931, -87.217578)","Portland, OR
(45.516018, -122.681425)"
Table 3,2017,4,30466,34614,"Phoenix, AZ","Salt Lake City, UT",128470,168.73,145.91,132450,22.82,0.1564,-3980,-0.03,"Phoenix, AZ
(30.406931, -87.217578)","Salt Lake City, UT
(40.758478, -111.888142)"
Table 3,2017,4,30647,30194,"Cleveland, OH (Metropolitan Area)","Dallas/Fort Worth, TX",53080,262.1,217.22,57490,44.87,0.2066,-4410,-0.0767,"Cleveland, OH (Metropolitan Area)
(41.505546, -81.6915)","Dallas/Fort Worth, TX
(40.11086, -77.035636)"
Table 3,2017,4,30647,34100,"Cleveland, OH (Metropolitan Area)","Philadelphia, PA",27400,304,260.94,28890,43.06,0.165,-1490,-0.0516,"Cleveland, OH (Metropolitan Area)
(41.505546, -81.6915)","Philadelphia, PA
(39.951061, -75.16562)"
Table 3,2017,4,30693,30466,"Nashville, TN","Phoenix, AZ",49440,276.1,235.23,47010,40.87,0.1737,2430,0.0517,"Nashville, TN
(36.166687, -86.779932)","Phoenix, AZ
(30.406931, -87.217578)"
Table 3,2017,4,30693,31481,"Nashville, TN","Panama City, FL",16810,173.69,150.99,17260,22.7,0.1503,-450,-0.0261,"Nashville, TN
(36.166687, -86.779932)","Panama City, FL
(30.185159, -85.73078)"
Table 3,2017,4,30977,30559,"Chicago, IL","Seattle, WA",178540,244.2,207.51,185820,36.69,0.1768,-7280,-0.0392,"Chicago, IL
(41.775002, -87.696388)","Seattle, WA
(47.603229, -122.33028)"
Table 3,2017,4,30977,30693,"Chicago, IL","Nashville, TN",123060,205.26,177.31,126170,27.95,0.1576,-3110,-0.0246,"Chicago, IL
(41.775002, -87.696388)","Nashville, TN
(36.166687, -86.779932)"
Table 3,2017,4,30977,30852,"Chicago, IL","Washington, DC (Metropolitan Area)",512190,194.63,160.07,532400,34.57,0.216,-20210,-0.038,"Chicago, IL
(41.775002, -87.696388)","Washington, DC (Metropolitan Area)
(38.892062, -77.019912)"
Table 3,2017,4,30977,31423,"Chicago, IL","Des Moines, IA",21290,257.97,220.92,22090,37.06,0.1678,-800,-0.0362,"Chicago, IL
(41.775002, -87.696388)","Des Moines, IA
(41.588822, -93.620309)"
Table 3,2017,4,30977,34100,"Chicago, IL","Philadelphia, PA",228270,236.41,182.87,253760,53.54,0.2928,-25490,-0.1004,"Chicago, IL
(41.775002, -87.696388)","Philadelphia, PA
(39.951061, -75.16562)"
Table 3,2017,4,30977,34614,"Chicago, IL","Salt Lake City, UT",80830,232,186.65,86700,45.35,0.243,-5870,-0.0677,"Chicago, IL
(41.775002, -87.696388)","Salt Lake City, UT
(40.758478, -111.888142)"
Table 3,2017,4,31057,30977,"Charlotte, NC","Chicago, IL",132390,216.46,184.12,140180,32.34,0.1756,-7790,-0.0556,"Charlotte, NC
(35.222936, -80.840161)","Chicago, IL
(41.775002, -87.696388)"
Table 3,2017,4,31057,33198,"Charlotte, NC","Kansas City, MO",25120,265.07,230.18,28300,34.89,0.1516,-3180,-0.1124,"Charlotte, NC
(35.222936, -80.840161)","Kansas City, MO
(39.099792, -94.578559)"
Table 3,2017,4,31057,33495,"Charlotte, NC","New Orleans, LA",25050,259.18,224.35,27410,34.83,0.1553,-2360,-0.0861,"Charlotte, NC
(35.222936, -80.840161)","New Orleans, LA
(29.950621, -90.074948)"
Table 3,2017,4,31066,34100,"Columbus, OH","Philadelphia, PA",26260,305.45,264.25,29850,41.19,0.1559,-3590,-0.1203,"Columbus, OH
(39.962649, -82.996216)","Philadelphia, PA
(39.951061, -75.16562)"
Table 3,2017,4,31295,30466,"Detroit, MI","Phoenix, AZ",116000,239.73,201.53,119510,38.2,0.1895,-3510,-0.0294,"Detroit, MI
(42.332916, -83.047853)","Phoenix, AZ
(30.406931, -87.217578)"
Table 3,2017,4,31295,30529,"Detroit, MI","Hartford, CT",26350,251.05,210.13,28180,40.92,0.1947,-1830,-0.0649,"Detroit, MI
(42.332916, -83.047853)","Hartford, CT
(41.765775, -72.673356)"
Table 3,2017,4,31295,31714,"Detroit, MI","Fort Myers, FL",86560,225.71,196.17,94830,29.53,0.1505,-8270,-0.0872,"Detroit, MI
(42.332916, -83.047853)","Fort Myers, FL
(40.253979, -103.801495)"
Table 3,2017,4,31295,34100,"Detroit, MI","Philadelphia, PA",67120,217.15,182.68,64530,34.47,0.1887,2590,0.0401,"Detroit, MI
(42.332916, -83.047853)","Philadelphia, PA
(39.951061, -75.16562)"
Table 3,2017,4,31453,32575,"Houston, TX","Los Angeles, CA (Metropolitan Area)",316790,226.05,196.19,337700,29.85,0.1522,-20910,-0.0619,"Houston, TX
(29.760803, -95.369506)","Los Angeles, CA (Metropolitan Area)
(34.052238, -118.243344)"
Table 3,2017,4,31603,30466,"Eugene, OR","Phoenix, AZ",16990,165.19,137.23,12340,27.96,0.2038,4650,0.3768,"Eugene, OR
(37.533089, -75.823024)","Phoenix, AZ
(30.406931, -87.217578)"
Table 3,2017,4,31703,34492,"New York City, NY (Metropolitan Area)","Raleigh/Durham, NC",291660,171.71,146.55,300880,25.16,0.1716,-9220,-0.0306,"New York City, NY (Metropolitan Area)
(40.123164, -75.333718)","Raleigh/Durham, NC
(42.673348, -72.179683)"
Table 3,2017,4,32337,34100,"Indianapolis, IN","Philadelphia, PA",33110,302.64,262.61,34080,40.02,0.1524,-970,-0.0285,"Indianapolis, IN
(39.76845, -86.156212)","Philadelphia, PA
(39.951061, -75.16562)"
Table 3,2017,4,32467,33195,"Miami, FL (Metropolitan Area)","Tampa, FL (Metropolitan Area)",84440,135.04,115.98,80710,19.06,0.1644,3730,0.0462,"Miami, FL (Metropolitan Area)
(44.977479, -93.264346)","Tampa, FL (Metropolitan Area)
(37.8606, -78.804199)"
Table 3,2017,4,32575,30693,"Los Angeles, CA (Metropolitan Area)","Nashville, TN",127250,285.91,239.99,128400,45.92,0.1914,-1150,-0.009,"Los Angeles, CA (Metropolitan Area)
(34.052238, -118.243344)","Nashville, TN
(36.166687, -86.779932)"
Table 3,2017,4,32575,33044,"Los Angeles, CA (Metropolitan Area)","Louisville, KY",26810,326.41,281.3,28010,45.12,0.1604,-1200,-0.0428,"Los Angeles, CA (Metropolitan Area)
(34.052238, -118.243344)","Louisville, KY
(38.256078, -85.751569)"
Table 3,2017,4,32575,34057,"Los Angeles, CA (Metropolitan Area)","Portland, OR",475370,144.6,123.65,475610,20.95,0.1694,-240,-0.0005,"Los Angeles, CA (Metropolitan Area)
(34.052238, -118.243344)","Portland, OR
(45.516018, -122.681425)"
Table 3,2017,4,33198,30693,"Kansas City, MO","Nashville, TN",33260,210.98,181.14,36180,29.84,0.1647,-2920,-0.0807,"Kansas City, MO
(39.099792, -94.578559)","Nashville, TN
(36.166687, -86.779932)"
Table 3,2017,4,33342,31650,"Milwaukee, WI","Minneapolis/St. Paul, MN",37580,196.96,168.57,40940,28.39,0.1684,-3360,-0.0821,"Milwaukee, WI
(43.041072, -87.909421)","Minneapolis/St. Paul, MN
(44.977479, -93.264346)"
Table 3,2017,4,33342,34100,"Milwaukee, WI","Philadelphia, PA",21960,287.99,239.62,21620,48.37,0.2018,340,0.0157,"Milwaukee, WI
(43.041072, -87.909421)","Philadelphia, PA
(39.951061, -75.16562)"
Table 3,2017,4,34057,30559,"Portland, OR","Seattle, WA",72320,151.83,114.21,76570,37.62,0.3294,-4250,-0.0555,"Portland, OR
(45.516018, -122.681425)","Seattle, WA
(47.603229, -122.33028)"
Table 3,2017,4,34252,30559,"Pasco/Kennewick/Richland, WA","Seattle, WA",17110,157.78,131.76,18560,26.02,0.1974,-1450,-0.0781,"Pasco/Kennewick/Richland, WA
(37.123874, -76.391902)","Seattle, WA
(47.603229, -122.33028)"
Table 3,2017,4,34614,30559,"Salt Lake City, UT","Seattle, WA",91220,209.67,178.74,96160,30.93,0.173,-4940,-0.0514,"Salt Lake City, UT
(40.758478, -111.888142)","Seattle, WA
(47.603229, -122.33028)"
Table 3,2018,1,30194,30325,"Dallas/Fort Worth, TX","Denver, CO",258210,170.92,140.21,264030,30.71,0.219,-5820,-0.022,"Dallas/Fort Worth, TX
(40.11086, -77.035636)","Denver, CO
(39.738453, -104.984853)"
Table 3,2018,1,30194,30466,"Dallas/Fort Worth, TX","Phoenix, AZ",190160,223.68,176.6,212290,47.09,0.2666,-22130,-0.1042,"Dallas/Fort Worth, TX
(40.11086, -77.035636)","Phoenix, AZ
(30.406931, -87.217578)"
Table 3,2018,1,30194,32211,"Dallas/Fort Worth, TX","Las Vegas, NV",226050,190.53,164.46,271850,26.07,0.1585,-45800,-0.1685,"Dallas/Fort Worth, TX
(40.11086, -77.035636)","Las Vegas, NV
(36.169202, -115.140597)"
Table 3,2018,1,30194,34492,"Dallas/Fort Worth, TX","Raleigh/Durham, NC",67680,253.94,198.22,68440,55.73,0.2811,-760,-0.0111,"Dallas/Fort Worth, TX
(40.11086, -77.035636)","Raleigh/Durham, NC
(42.673348, -72.179683)"
Table 3,2018,1,30257,30977,"Albany, NY","Chicago, IL",18730,255.71,209.15,22010,46.56,0.2226,-3280,-0.149,"Albany, NY
(42.651242, -73.755418)","Chicago, IL
(41.775002, -87.696388)"
Table 3,2018,1,30325,30466,"Denver, CO","Phoenix, AZ",331450,151.24,125.84,318630,25.41,0.2019,12820,0.0402,"Denver, CO
(39.738453, -104.984853)","Phoenix, AZ
(30.406931, -87.217578)"
Table 3,2018,1,30325,33244,"Denver, CO","Memphis, TN",24010,204.06,171.09,24680,32.97,0.1927,-670,-0.0272,"Denver, CO
(39.738453, -104.984853)","Memphis, TN
(35.143378, -90.052136)"
Table 3,2018,4,30397,30977,"Atlanta, GA (Metropolitan Area)","Chicago, IL",360460,176.7,146.31,365570,30.39,0.2077,-5110,-0.014,,
Table 3,2018,1,30397,30466,"Atlanta, GA (Metropolitan Area)","Phoenix, AZ",111620,243.22,201.09,116210,42.13,0.2095,-4590,-0.0395,"Atlanta, GA (Metropolitan Area)
(33.748547, -84.391502)","Phoenix, AZ
(30.406931, -87.217578)"
Table 3,2018,1,30397,30647,"Atlanta, GA (Metropolitan Area)","Cleveland, OH (Metropolitan Area)",80440,162.49,141.08,84870,21.41,0.1518,-4430,-0.0522,"Atlanta, GA (Metropolitan Area)
(33.748547, -84.391502)","Cleveland, OH (Metropolitan Area)
(41.505546, -81.6915)"
Table 3,2018,1,30397,30852,"Atlanta, GA (Metropolitan Area)","Washington, DC (Metropolitan Area)",384930,187.13,158.93,425580,28.2,0.1774,-40650,-0.0955,"Atlanta, GA (Metropolitan Area)
(33.748547, -84.391502)","Washington, DC (Metropolitan Area)
(38.892062, -77.019912)"
Table 3,2018,1,30397,34492,"Atlanta, GA (Metropolitan Area)","Raleigh/Durham, NC",85450,208.28,173.6,92850,34.68,0.1998,-7400,-0.0797,"Atlanta, GA (Metropolitan Area)
(33.748547, -84.391502)","Raleigh/Durham, NC
(42.673348, -72.179683)"
Table 3,2018,1,30397,34986,"Atlanta, GA (Metropolitan Area)","Sarasota/Bradenton, FL",15130,265.92,222.54,17180,43.38,0.1949,-2050,-0.1193,"Atlanta, GA (Metropolitan Area)
(33.748547, -84.391502)","Sarasota/Bradenton, FL
(27.336483, -82.538602)"
Table 3,2018,1,30466,30559,"Phoenix, AZ","Seattle, WA",268140,180.49,150.84,269110,29.64,0.1965,-970,-0.0036,"Phoenix, AZ
(30.406931, -87.217578)","Seattle, WA
(47.603229, -122.33028)"
Table 3,2018,1,30466,31123,"Phoenix, AZ","St. Louis, MO",71400,225.55,177.48,83630,48.07,0.2708,-12230,-0.1462,"Phoenix, AZ
(30.406931, -87.217578)","St. Louis, MO
(38.630276, -90.200309)"
Table 3,2018,1,30466,34057,"Phoenix, AZ","Portland, OR",148720,186.5,151.16,156840,35.34,0.2338,-8120,-0.0518,"Phoenix, AZ
(30.406931, -87.217578)","Portland, OR
(45.516018, -122.681425)"
Table 3,2018,2,30194,30325,"Dallas/Fort Worth, TX","Denver, CO",279590,169.96,143,274570,26.97,0.1886,5020,0.0183,"Dallas/Fort Worth, TX
(40.11086, -77.035636)","Denver, CO
(39.738453, -104.984853)"
Table 3,2018,2,30194,33342,"Dallas/Fort Worth, TX","Milwaukee, WI",53030,208.14,167.01,65470,41.13,0.2463,-12440,-0.19,"Dallas/Fort Worth, TX
(40.11086, -77.035636)","Milwaukee, WI
(43.041072, -87.909421)"
Table 3,2018,2,30194,34492,"Dallas/Fort Worth, TX","Raleigh/Durham, NC",85490,248.49,213.63,82860,34.86,0.1632,2630,0.0317,"Dallas/Fort Worth, TX
(40.11086, -77.035636)","Raleigh/Durham, NC
(42.673348, -72.179683)"
Table 3,2018,2,30325,31423,"Denver, CO","Des Moines, IA",20440,222.08,162.9,27440,59.18,0.3633,-7000,-0.2551,"Denver, CO
(39.738453, -104.984853)","Des Moines, IA
(41.588822, -93.620309)"
Table 3,2018,2,30325,33214,"Denver, CO","San Antonio, TX",67540,191.23,155.7,74710,35.53,0.2282,-7170,-0.096,"Denver, CO
(39.738453, -104.984853)","San Antonio, TX
(29.425173, -98.494599)"
Table 3,2018,2,30325,33244,"Denver, CO","Memphis, TN",29740,196.72,163.54,27760,33.18,0.2029,1980,0.0713,"Denver, CO
(39.738453, -104.984853)","Memphis, TN
(35.143378, -90.052136)"
Table 3,2018,2,30325,33485,"Denver, CO","Madison, WI",22990,206.28,169.75,26100,36.54,0.2152,-3110,-0.1192,"Denver, CO
(39.738453, -104.984853)","Madison, WI
(43.073926, -89.385244)"
Table 3,2018,2,30397,30466,"Atlanta, GA (Metropolitan Area)","Phoenix, AZ",120650,244.29,204.51,126690,39.78,0.1945,-6040,-0.0477,"Atlanta, GA (Metropolitan Area)
(33.748547, -84.391502)","Phoenix, AZ
(30.406931, -87.217578)"
Table 3,2018,2,30397,31995,"Atlanta, GA (Metropolitan Area)","Greensboro/High Point, NC",22100,220,188.79,23040,31.21,0.1653,-940,-0.0408,"Atlanta, GA (Metropolitan Area)
(33.748547, -84.391502)","Greensboro/High Point, NC
(36.072701, -79.793899)"
Table 3,2018,2,30466,30559,"Phoenix, AZ","Seattle, WA",268270,185.11,155.41,268950,29.69,0.1911,-680,-0.0025,"Phoenix, AZ
(30.406931, -87.217578)","Seattle, WA
(47.603229, -122.33028)"
Table 3,2018,2,30529,30852,"Hartford, CT","Washington, DC (Metropolitan Area)",98470,168.37,143.42,109990,24.94,0.1739,-11520,-0.1047,"Hartford, CT
(41.765775, -72.673356)","Washington, DC (Metropolitan Area)
(38.892062, -77.019912)"
Table 3,2018,2,30647,31453,"Cleveland, OH (Metropolitan Area)","Houston, TX",43880,288.03,242.45,40370,45.59,0.188,3510,0.087,"Cleveland, OH (Metropolitan Area)
(41.505546, -81.6915)","Houston, TX
(29.760803, -95.369506)"
Table 3,2018,2,30647,32457,"Cleveland, OH (Metropolitan Area)","San Francisco, CA (Metropolitan Area)",59000,327.07,278.08,65290,48.99,0.1762,-6290,-0.0963,"Cleveland, OH (Metropolitan Area)
(41.505546, -81.6915)","San Francisco, CA (Metropolitan Area)
(37.78008, -122.420168)"
Table 3,2018,2,30647,33570,"Cleveland, OH (Metropolitan Area)","San Diego, CA",24140,289.3,244.11,25850,45.19,0.1851,-1710,-0.0662,"Cleveland, OH (Metropolitan Area)
(41.505546, -81.6915)","San Diego, CA
(32.71576, -117.163817)"
Table 3,2018,2,30977,31650,"Chicago, IL","Minneapolis/St. Paul, MN",284580,193.67,128.37,331310,65.3,0.5087,-46730,-0.141,"Chicago, IL
(41.775002, -87.696388)","Minneapolis/St. Paul, MN
(44.977479, -93.264346)"
Table 3,2018,2,30977,33495,"Chicago, IL","New Orleans, LA",132320,192,165.09,142210,26.91,0.163,-9890,-0.0696,"Chicago, IL
(41.775002, -87.696388)","New Orleans, LA
(29.950621, -90.074948)"
Table 3,2018,2,31057,30647,"Charlotte, NC","Cleveland, OH (Metropolitan Area)",38020,262.76,216.99,43570,45.77,0.2109,-5550,-0.1274,"Charlotte, NC
(35.222936, -80.840161)","Cleveland, OH (Metropolitan Area)
(41.505546, -81.6915)"
Table 3,2018,2,31057,34100,"Charlotte, NC","Philadelphia, PA",73650,263.08,226.29,77830,36.8,0.1626,-4180,-0.0537,"Charlotte, NC
(35.222936, -80.840161)","Philadelphia, PA
(39.951061, -75.16562)"
Table 3,2018,1,30559,30436,"Seattle, WA","Tucson, AZ",35750,206.38,170.07,38190,36.31,0.2135,-2440,-0.0639,"Seattle, WA
(47.603229, -122.33028)","Tucson, AZ
(35.167852, -103.726151)"
Table 3,2018,1,30599,30977,"Birmingham, AL","Chicago, IL",24350,237.18,198.04,26900,39.14,0.1976,-2550,-0.0948,"Birmingham, AL
(33.522859, -86.807705)","Chicago, IL
(41.775002, -87.696388)"
Table 3,2018,1,30693,30466,"Nashville, TN","Phoenix, AZ",46280,267.78,218.41,52660,49.38,0.2261,-6380,-0.1212,"Nashville, TN
(36.166687, -86.779932)","Phoenix, AZ
(30.406931, -87.217578)"
Table 3,2018,1,30693,31703,"Nashville, TN","New York City, NY (Metropolitan Area)",149980,231.22,199.75,146560,31.47,0.1576,3420,0.0233,"Nashville, TN
(36.166687, -86.779932)","New York City, NY (Metropolitan Area)
(40.123164, -75.333718)"
Table 3,2018,1,30792,31703,"Buffalo, NY","New York City, NY (Metropolitan Area)",98900,136.47,117.7,114490,18.77,0.1594,-15590,-0.1362,"Buffalo, NY
(39.945422, -78.64671)","New York City, NY (Metropolitan Area)
(40.123164, -75.333718)"
Table 3,2018,1,30792,32575,"Buffalo, NY","Los Angeles, CA (Metropolitan Area)",32660,233.96,202.11,35550,31.85,0.1576,-2890,-0.0813,"Buffalo, NY
(39.945422, -78.64671)","Los Angeles, CA (Metropolitan Area)
(34.052238, -118.243344)"
Table 3,2018,1,30977,30852,"Chicago, IL","Washington, DC (Metropolitan Area)",372250,203.82,164.91,417520,38.92,0.236,-45270,-0.1084,"Chicago, IL
(41.775002, -87.696388)","Washington, DC (Metropolitan Area)
(38.892062, -77.019912)"
Table 3,2018,1,30977,31453,"Chicago, IL","Houston, TX",206020,206.38,178.41,230730,27.97,0.1568,-24710,-0.1071,"Chicago, IL
(41.775002, -87.696388)","Houston, TX
(29.760803, -95.369506)"
Table 3,2018,1,30977,31650,"Chicago, IL","Minneapolis/St. Paul, MN",257870,144.4,123.25,253050,21.15,0.1716,4820,0.019,"Chicago, IL
(41.775002, -87.696388)","Minneapolis/St. Paul, MN
(44.977479, -93.264346)"
Table 3,2018,1,30977,32457,"Chicago, IL","San Francisco, CA (Metropolitan Area)",333640,279.8,219.68,358950,60.12,0.2737,-25310,-0.0705,"Chicago, IL
(41.775002, -87.696388)","San Francisco, CA (Metropolitan Area)
(37.78008, -122.420168)"
Table 3,2018,1,30977,33495,"Chicago, IL","New Orleans, LA",107100,202.65,172.15,120480,30.5,0.1772,-13380,-0.1111,"Chicago, IL
(41.775002, -87.696388)","New Orleans, LA
(29.950621, -90.074948)"
Table 3,2018,1,30977,34614,"Chicago, IL","Salt Lake City, UT",88970,255.7,203.06,96960,52.64,0.2592,-7990,-0.0824,"Chicago, IL
(41.775002, -87.696388)","Salt Lake City, UT
(40.758478, -111.888142)"
Table 3,2018,1,31057,31703,"Charlotte, NC","New York City, NY (Metropolitan Area)",335730,154.18,130.65,343570,23.53,0.1801,-7840,-0.0228,"Charlotte, NC
(35.222936, -80.840161)","New York City, NY (Metropolitan Area)
(40.123164, -75.333718)"
Table 3,2018,1,31057,34027,"Charlotte, NC","West Palm Beach/Palm Beach, FL",19500,306.38,265.66,19880,40.72,0.1533,-380,-0.0191,"Charlotte, NC
(35.222936, -80.840161)","West Palm Beach/Palm Beach, FL
(33.90976, -98.500854)"
Table 3,2018,1,31057,34100,"Charlotte, NC","Philadelphia, PA",59990,278.94,233.9,60760,45.04,0.1926,-770,-0.0127,"Charlotte, NC
(35.222936, -80.840161)","Philadelphia, PA
(39.951061, -75.16562)"
Table 3,2018,1,31136,31703,"Jacksonville, FL","New York City, NY (Metropolitan Area)",127440,193.64,167.59,130030,26.05,0.1554,-2590,-0.0199,"Jacksonville, FL
(30.325968, -81.65676)","New York City, NY (Metropolitan Area)
(40.123164, -75.333718)"
Table 3,2018,1,31295,30466,"Detroit, MI","Phoenix, AZ",125380,245.62,196.31,134000,49.31,0.2512,-8620,-0.0643,"Detroit, MI
(42.332916, -83.047853)","Phoenix, AZ
(30.406931, -87.217578)"
Table 3,2018,4,30397,31057,"Atlanta, GA (Metropolitan Area)","Charlotte, NC",42510,264.75,228.47,39510,36.28,0.1588,3000,0.0759,,
Table 3,2018,1,31295,30529,"Detroit, MI","Hartford, CT",16700,270.21,199.56,21380,70.65,0.354,-4680,-0.2189,"Detroit, MI
(42.332916, -83.047853)","Hartford, CT
(41.765775, -72.673356)"
Table 3,2018,1,31295,34100,"Detroit, MI","Philadelphia, PA",45490,274.51,156.17,59540,118.35,0.7578,-14050,-0.236,"Detroit, MI
(42.332916, -83.047853)","Philadelphia, PA
(39.951061, -75.16562)"
Table 3,2018,1,31650,30852,"Minneapolis/St. Paul, MN","Washington, DC (Metropolitan Area)",136330,220.07,187.6,144470,32.47,0.1731,-8140,-0.0563,"Minneapolis/St. Paul, MN
(44.977479, -93.264346)","Washington, DC (Metropolitan Area)
(38.892062, -77.019912)"
Table 3,2018,1,31650,34027,"Minneapolis/St. Paul, MN","West Palm Beach/Palm Beach, FL",18800,229.48,197.67,26810,31.81,0.1609,-8010,-0.2988,"Minneapolis/St. Paul, MN
(44.977479, -93.264346)","West Palm Beach/Palm Beach, FL
(33.90976, -98.500854)"
Table 3,2018,1,31650,34100,"Minneapolis/St. Paul, MN","Philadelphia, PA",55100,340.35,269.11,44390,71.25,0.2648,10710,0.2413,"Minneapolis/St. Paul, MN
(44.977479, -93.264346)","Philadelphia, PA
(39.951061, -75.16562)"
Table 3,2018,1,31703,34492,"New York City, NY (Metropolitan Area)","Raleigh/Durham, NC",225640,160.37,129.71,235650,30.67,0.2364,-10010,-0.0425,"New York City, NY (Metropolitan Area)
(40.123164, -75.333718)","Raleigh/Durham, NC
(42.673348, -72.179683)"
Table 3,2018,1,31714,30852,"Fort Myers, FL","Washington, DC (Metropolitan Area)",123190,194.68,155.71,129680,38.97,0.2502,-6490,-0.05,"Fort Myers, FL
(40.253979, -103.801495)","Washington, DC (Metropolitan Area)
(38.892062, -77.019912)"
Table 3,2018,1,32467,31703,"Miami, FL (Metropolitan Area)","New York City, NY (Metropolitan Area)",1494240,185.75,158.7,1539970,27.06,0.1705,-45730,-0.0297,"Miami, FL (Metropolitan Area)
(44.977479, -93.264346)","New York City, NY (Metropolitan Area)
(40.123164, -75.333718)"
Table 3,2018,1,32467,33195,"Miami, FL (Metropolitan Area)","Tampa, FL (Metropolitan Area)",78510,155.41,125.23,85440,30.19,0.2411,-6930,-0.0811,"Miami, FL (Metropolitan Area)
(44.977479, -93.264346)","Tampa, FL (Metropolitan Area)
(37.8606, -78.804199)"
Table 3,2018,1,32575,30559,"Los Angeles, CA (Metropolitan Area)","Seattle, WA",651660,155.55,134.99,668530,20.57,0.1524,-16870,-0.0252,"Los Angeles, CA (Metropolitan Area)
(34.052238, -118.243344)","Seattle, WA
(47.603229, -122.33028)"
Table 3,2018,1,32575,31650,"Los Angeles, CA (Metropolitan Area)","Minneapolis/St. Paul, MN",195270,254.3,208.06,200230,46.23,0.2222,-4960,-0.0248,"Los Angeles, CA (Metropolitan Area)
(34.052238, -118.243344)","Minneapolis/St. Paul, MN
(44.977479, -93.264346)"
Table 3,2018,1,32575,34057,"Los Angeles, CA (Metropolitan Area)","Portland, OR",414130,145.15,123.04,418140,22.11,0.1797,-4010,-0.0096,"Los Angeles, CA (Metropolitan Area)
(34.052238, -118.243344)","Portland, OR
(45.516018, -122.681425)"
Table 3,2018,1,33195,30852,"Tampa, FL (Metropolitan Area)","Washington, DC (Metropolitan Area)",262730,178.82,145.81,290870,33.01,0.2264,-28140,-0.0967,"Tampa, FL (Metropolitan Area)
(37.8606, -78.804199)","Washington, DC (Metropolitan Area)
(38.892062, -77.019912)"
Table 3,2018,1,33198,32575,"Kansas City, MO","Los Angeles, CA (Metropolitan Area)",97880,209.17,171.71,112320,37.45,0.2181,-14440,-0.1286,"Kansas City, MO
(39.099792, -94.578559)","Los Angeles, CA (Metropolitan Area)
(34.052238, -118.243344)"
Table 3,2018,1,33342,33570,"Milwaukee, WI","San Diego, CA",16220,257.7,219.71,26010,37.99,0.1729,-9790,-0.3764,"Milwaukee, WI
(43.041072, -87.909421)","San Diego, CA
(32.71576, -117.163817)"
Table 3,2018,1,34025,34761,"Plattsburgh, NY","Sanford, FL",19080,137.62,108.9,15480,28.72,0.2637,3600,0.2326,"Plattsburgh, NY
(44.699668, -73.451807)","Sanford, FL
(37.78008, -122.420168)"
Table 3,2018,1,34100,34027,"Philadelphia, PA","West Palm Beach/Palm Beach, FL",79950,197.76,157.93,88100,39.83,0.2522,-8150,-0.0925,"Philadelphia, PA
(39.951061, -75.16562)","West Palm Beach/Palm Beach, FL
(33.90976, -98.500854)"
Table 3,2018,1,34262,34057,"Palm Springs, CA","Portland, OR",35520,219.37,189.2,37450,30.17,0.1595,-1930,-0.0515,"Palm Springs, CA
(33.830302, -116.546843)","Portland, OR
(45.516018, -122.681425)"
Table 3,2018,2,31295,30466,"Detroit, MI","Phoenix, AZ",119660,230.23,190.64,134110,39.59,0.2077,-14450,-0.1078,"Detroit, MI
(42.332916, -83.047853)","Phoenix, AZ
(30.406931, -87.217578)"
Table 3,2018,2,31295,34100,"Detroit, MI","Philadelphia, PA",74100,201.57,166.83,78150,34.74,0.2082,-4050,-0.0518,"Detroit, MI
(42.332916, -83.047853)","Philadelphia, PA
(39.951061, -75.16562)"
Table 3,2018,2,31453,33495,"Houston, TX","New Orleans, LA",133980,182.98,145.01,141140,37.97,0.2618,-7160,-0.0507,"Houston, TX
(29.760803, -95.369506)","New Orleans, LA
(29.950621, -90.074948)"
Table 3,2018,2,31453,34100,"Houston, TX","Philadelphia, PA",88800,293.07,245.92,95220,47.15,0.1917,-6420,-0.0674,"Houston, TX
(29.760803, -95.369506)","Philadelphia, PA
(39.951061, -75.16562)"
Table 3,2018,2,31454,33570,"Orlando, FL","San Diego, CA",69890,222.23,192.02,73730,30.22,0.1574,-3840,-0.0521,"Orlando, FL
(28.538331, -81.378879)","San Diego, CA
(32.71576, -117.163817)"
Table 3,2018,2,31650,34100,"Minneapolis/St. Paul, MN","Philadelphia, PA",68000,257.03,219.76,78880,37.27,0.1696,-10880,-0.1379,"Minneapolis/St. Paul, MN
(44.977479, -93.264346)","Philadelphia, PA
(39.951061, -75.16562)"
Table 3,2018,2,31714,30852,"Fort Myers, FL","Washington, DC (Metropolitan Area)",89030,193.5,164.91,106590,28.59,0.1734,-17560,-0.1647,"Fort Myers, FL
(40.253979, -103.801495)","Washington, DC (Metropolitan Area)
(38.892062, -77.019912)"
Table 3,2018,2,32575,34570,"Los Angeles, CA (Metropolitan Area)","Reno, NV",106370,157.24,132.64,106140,24.6,0.1855,230,0.0022,"Los Angeles, CA (Metropolitan Area)
(34.052238, -118.243344)","Reno, NV
(30.177159, -95.162771)"
Table 3,2018,2,33105,30466,"Cincinnati, OH","Phoenix, AZ",44310,179.27,149.73,42580,29.54,0.1973,1730,0.0406,"Cincinnati, OH
(39.104427, -84.513808)","Phoenix, AZ
(30.406931, -87.217578)"
Table 3,2018,2,33105,31453,"Cincinnati, OH","Houston, TX",36910,238.81,195.4,35320,43.41,0.2222,1590,0.045,"Cincinnati, OH
(39.104427, -84.513808)","Houston, TX
(29.760803, -95.369506)"
Table 3,2018,2,33105,32457,"Cincinnati, OH","San Francisco, CA (Metropolitan Area)",57020,269.2,233.45,54530,35.75,0.1531,2490,0.0457,"Cincinnati, OH
(39.104427, -84.513808)","San Francisco, CA (Metropolitan Area)
(37.78008, -122.420168)"
Table 3,2018,2,33195,30852,"Tampa, FL (Metropolitan Area)","Washington, DC (Metropolitan Area)",275360,184.22,150.74,305090,33.48,0.2221,-29730,-0.0974,"Tampa, FL (Metropolitan Area)
(37.8606, -78.804199)","Washington, DC (Metropolitan Area)
(38.892062, -77.019912)"
Table 3,2018,2,33316,34057,"Omaha, NE","Portland, OR",19070,237.94,204.81,18650,33.13,0.1618,420,0.0225,"Omaha, NE
(46.07035, -93.666319)","Portland, OR
(45.516018, -122.681425)"
Table 3,2018,2,34100,34492,"Philadelphia, PA","Raleigh/Durham, NC",64720,210.89,162.94,71900,47.95,0.2942,-7180,-0.0999,"Philadelphia, PA
(39.951061, -75.16562)","Raleigh/Durham, NC
(42.673348, -72.179683)"
Table 3,2018,4,30397,33495,"Atlanta, GA (Metropolitan Area)","New Orleans, LA",98690,180.01,149.47,92920,30.54,0.2044,5770,0.0621,,
Table 3,2018,2,35412,31703,"Knoxville, TN","New York City, NY (Metropolitan Area)",34720,218.83,170.45,35760,48.38,0.2839,-1040,-0.0291,"Knoxville, TN
(35.962631, -83.916677)","New York City, NY (Metropolitan Area)
(40.123164, -75.333718)"
Table 3,2018,3,30189,30852,"Colorado Springs, CO","Washington, DC (Metropolitan Area)",22530,257.95,202.84,28500,55.11,0.2717,-5970,-0.2095,,
Table 3,2018,3,30194,30198,"Dallas/Fort Worth, TX","Pittsburgh, PA",71450,218.32,173.43,68740,44.89,0.2589,2710,0.0394,,
Table 3,2018,3,30194,30325,"Dallas/Fort Worth, TX","Denver, CO",295960,178.97,146.16,310860,32.81,0.2245,-14900,-0.0479,,
Table 3,2018,3,30194,30852,"Dallas/Fort Worth, TX","Washington, DC (Metropolitan Area)",364920,225.35,190.91,379770,34.44,0.1804,-14850,-0.0391,,
Table 3,2018,3,30194,33342,"Dallas/Fort Worth, TX","Milwaukee, WI",56280,207.08,151.31,68100,55.77,0.3686,-11820,-0.1736,,
Table 3,2018,3,30194,33851,"Dallas/Fort Worth, TX","Oklahoma City, OK",21950,187.47,155.89,23210,31.58,0.2026,-1260,-0.0543,,
Table 3,2018,3,30325,30198,"Denver, CO","Pittsburgh, PA",73530,209.12,171.33,72390,37.79,0.2206,1140,0.0158,,
Table 3,2018,3,30325,30466,"Denver, CO","Phoenix, AZ",259750,147.66,124.73,275560,22.92,0.1838,-15810,-0.0574,,
Table 3,2018,3,30325,30693,"Denver, CO","Nashville, TN",96360,204.54,169.14,100170,35.4,0.2093,-3810,-0.038,,
Table 3,2018,3,30325,31123,"Denver, CO","St. Louis, MO",120480,172.98,150.04,117370,22.94,0.1529,3110,0.0265,,
Table 3,2018,3,30325,31423,"Denver, CO","Des Moines, IA",25940,195.06,165,27490,30.07,0.1822,-1550,-0.0564,,
Table 3,2018,3,30325,31453,"Denver, CO","Houston, TX",224660,206.18,178.42,201580,27.76,0.1556,23080,0.1145,,
Table 3,2018,3,30325,31454,"Denver, CO","Orlando, FL",150130,187.19,156.08,156360,31.11,0.1993,-6230,-0.0398,,
Table 3,2018,4,30140,30466,"Albuquerque, NM","Phoenix, AZ",64400,162.99,138.6,67450,24.39,0.176,-3050,-0.0452,,
Table 3,2018,4,30158,32467,"Atlantic City, NJ","Miami, FL (Metropolitan Area)",25230,107.6,90.69,17700,16.91,0.1865,7530,0.4254,,
Table 3,2018,4,30189,30194,"Colorado Springs, CO","Dallas/Fort Worth, TX",22220,222.02,162.41,26250,59.61,0.367,-4030,-0.1535,,
Table 3,2018,4,30194,30198,"Dallas/Fort Worth, TX","Pittsburgh, PA",68510,252.12,190.18,70700,61.94,0.3257,-2190,-0.031,,
Table 3,2018,4,30194,30325,"Dallas/Fort Worth, TX","Denver, CO",273600,177.49,151.14,279800,26.35,0.1744,-6200,-0.0222,,
Table 3,2018,4,30194,30852,"Dallas/Fort Worth, TX","Washington, DC (Metropolitan Area)",373540,232.51,192.3,390420,40.21,0.2091,-16880,-0.0432,,
Table 3,2018,4,30194,31295,"Dallas/Fort Worth, TX","Detroit, MI",135220,213.69,176.76,135060,36.93,0.2089,160,0.0012,,
Table 3,2018,4,30194,31650,"Dallas/Fort Worth, TX","Minneapolis/St. Paul, MN",126480,208.86,154.29,128740,54.57,0.3537,-2260,-0.0176,,
Table 3,2018,4,30194,31703,"Dallas/Fort Worth, TX","New York City, NY (Metropolitan Area)",560160,254.4,219.62,574020,34.77,0.1583,-13860,-0.0242,,
Table 3,2018,4,30194,32467,"Dallas/Fort Worth, TX","Miami, FL (Metropolitan Area)",188560,254.14,212.31,194100,41.83,0.197,-5540,-0.0285,,
Table 3,2018,4,30194,33342,"Dallas/Fort Worth, TX","Milwaukee, WI",48080,222.36,177.39,54950,44.97,0.2535,-6870,-0.125,,
Table 3,2018,4,30194,33851,"Dallas/Fort Worth, TX","Oklahoma City, OK",22350,178.8,151.3,23750,27.5,0.1818,-1400,-0.059,,
Table 3,2018,4,30194,34653,"Dallas/Fort Worth, TX","Tulsa, OK",37450,162.28,138.23,40030,24.05,0.174,-2580,-0.0644,,
Table 3,2018,4,30198,30852,"Pittsburgh, PA","Washington, DC (Metropolitan Area)",38050,196.47,168.39,41290,28.07,0.1667,-3240,-0.0785,,
Table 3,2018,4,30325,30559,"Denver, CO","Seattle, WA",213230,166.16,143.4,210690,22.76,0.1587,2540,0.0121,,
Table 3,2018,4,30325,32211,"Denver, CO","Las Vegas, NV",226130,152.63,128.68,200300,23.95,0.1861,25830,0.129,,
Table 3,2018,4,30325,32457,"Denver, CO","San Francisco, CA (Metropolitan Area)",403140,187.24,158.22,411530,29.01,0.1834,-8390,-0.0204,,
Table 3,2018,4,30325,32575,"Denver, CO","Los Angeles, CA (Metropolitan Area)",546170,178.64,147.16,520700,31.47,0.2139,25470,0.0489,,
Table 3,2018,4,30397,30194,"Atlanta, GA (Metropolitan Area)","Dallas/Fort Worth, TX",305210,193.63,163.04,315110,30.59,0.1877,-9900,-0.0314,,
Table 3,2018,4,30423,30647,"Austin, TX","Cleveland, OH (Metropolitan Area)",20330,241.86,205.67,20590,36.19,0.176,-260,-0.0126,,
Table 3,2018,4,30423,30977,"Austin, TX","Chicago, IL",139730,231.47,190.82,145780,40.65,0.213,-6050,-0.0415,,
Table 3,2018,4,30423,31057,"Austin, TX","Charlotte, NC",31670,294.04,247.68,32150,46.36,0.1872,-480,-0.0149,,
Table 3,2018,4,30423,32467,"Austin, TX","Miami, FL (Metropolitan Area)",71380,212.28,180.93,72470,31.35,0.1733,-1090,-0.015,,
Table 3,2018,4,30647,30466,"Cleveland, OH (Metropolitan Area)","Phoenix, AZ",52770,222.42,178.51,58060,43.91,0.246,-5290,-0.0911,,
Table 3,2018,4,30721,30194,"Boston, MA (Metropolitan Area)","Dallas/Fort Worth, TX",199330,249.47,211.49,197670,37.98,0.1796,1660,0.0084,,
Table 3,2018,4,30721,32337,"Boston, MA (Metropolitan Area)","Indianapolis, IN",66700,213.06,181.09,68980,31.97,0.1765,-2280,-0.033,,
Table 3,2018,4,30852,34027,"Washington, DC (Metropolitan Area)","West Palm Beach/Palm Beach, FL",87940,226.84,195.58,92250,31.26,0.1598,-4310,-0.0467,,
Table 3,2018,4,30977,30194,"Chicago, IL","Dallas/Fort Worth, TX",355950,222.92,178.96,380180,43.96,0.2456,-24230,-0.0637,,
Table 3,2018,4,30977,30198,"Chicago, IL","Pittsburgh, PA",102690,187.3,157.19,111210,30.11,0.1916,-8520,-0.0766,,
Table 3,2018,4,30977,30466,"Chicago, IL","Phoenix, AZ",333620,221.21,191.84,344130,29.37,0.1531,-10510,-0.0305,,
Table 3,2018,4,30977,30647,"Chicago, IL","Cleveland, OH (Metropolitan Area)",112450,189.42,159.88,125270,29.55,0.1848,-12820,-0.1023,,
Table 3,2018,4,30977,31295,"Chicago, IL","Detroit, MI",132820,179.31,153.43,149640,25.88,0.1687,-16820,-0.1124,,
Table 3,2018,4,30977,31650,"Chicago, IL","Minneapolis/St. Paul, MN",264600,188.74,135.15,297070,53.59,0.3966,-32470,-0.1093,,
Table 3,2018,4,30977,32467,"Chicago, IL","Miami, FL (Metropolitan Area)",396380,198.54,168.54,370950,30,0.178,25430,0.0686,,
Table 3,2018,4,30977,33214,"Chicago, IL","San Antonio, TX",86950,223.62,190.14,87470,33.47,0.176,-520,-0.0059,,
Table 3,2018,4,31057,30466,"Charlotte, NC","Phoenix, AZ",52160,338.26,281.42,56110,56.85,0.202,-3950,-0.0704,,
Table 3,2018,4,31057,34057,"Charlotte, NC","Portland, OR",19550,337.74,293.23,22770,44.5,0.1518,-3220,-0.1414,,
Table 3,2018,4,31295,31703,"Detroit, MI","New York City, NY (Metropolitan Area)",292930,234.73,203.25,313820,31.48,0.1549,-20890,-0.0666,,
Table 3,2018,4,31295,32467,"Detroit, MI","Miami, FL (Metropolitan Area)",192040,202.61,174.91,184240,27.7,0.1584,7800,0.0423,,
Table 3,2018,4,31295,34057,"Detroit, MI","Portland, OR",27830,301.18,241.05,34280,60.13,0.2494,-6450,-0.1882,,
Table 3,2018,4,31453,30559,"Houston, TX","Seattle, WA",87650,263.76,211.25,102760,52.52,0.2486,-15110,-0.147,,
Table 3,2018,4,31453,32467,"Houston, TX","Miami, FL (Metropolitan Area)",169270,209.83,178.42,169150,31.41,0.1761,120,0.0007,,
Table 3,2018,4,31453,33495,"Houston, TX","New Orleans, LA",130220,183.89,153.18,137430,30.71,0.2004,-7210,-0.0525,,
Table 3,2018,4,31454,30466,"Orlando, FL","Phoenix, AZ",88330,274.47,226.84,85990,47.64,0.21,2340,0.0272,,
Table 3,2018,4,32211,30198,"Las Vegas, NV","Pittsburgh, PA",55660,217.29,182.91,61630,34.37,0.1879,-5970,-0.0969,,
Table 3,2018,4,32211,32457,"Las Vegas, NV","San Francisco, CA (Metropolitan Area)",585190,137.51,117.3,616120,20.21,0.1723,-30930,-0.0502,,
Table 3,2018,4,32211,32467,"Las Vegas, NV","Miami, FL (Metropolitan Area)",145430,243.66,201.34,151870,42.32,0.2102,-6440,-0.0424,,
Table 3,2018,4,32211,33256,"Las Vegas, NV","Mission/McAllen/Edinburg, TX",20280,175.84,146.65,16980,29.19,0.1991,3300,0.1944,,
Table 3,2018,4,32211,33342,"Las Vegas, NV","Milwaukee, WI",57950,205.55,170.39,66340,35.16,0.2063,-8390,-0.1265,,
Table 3,2018,4,32211,34614,"Las Vegas, NV","Salt Lake City, UT",91650,147.18,126.55,96050,20.63,0.163,-4400,-0.0458,,
Table 3,2018,4,32337,30852,"Indianapolis, IN","Washington, DC (Metropolitan Area)",108750,200.62,159.44,113510,41.18,0.2583,-4760,-0.0419,,
Table 3,2018,4,32467,30198,"Miami, FL (Metropolitan Area)","Pittsburgh, PA",76140,178.89,151.26,74810,27.63,0.1826,1330,0.0178,,
Table 3,2018,4,32467,30852,"Miami, FL (Metropolitan Area)","Washington, DC (Metropolitan Area)",512660,185.6,156.82,513890,28.78,0.1835,-1230,-0.0024,,
Table 3,2018,4,32467,33342,"Miami, FL (Metropolitan Area)","Milwaukee, WI",32230,218.28,182.09,34460,36.2,0.1988,-2230,-0.0647,,
Table 3,2018,4,32575,34614,"Los Angeles, CA (Metropolitan Area)","Salt Lake City, UT",348180,158.68,136.09,359720,22.58,0.166,-11540,-0.0321,,
Table 3,2018,4,33044,30466,"Louisville, KY","Phoenix, AZ",18020,270.71,232.51,19720,38.2,0.1643,-1700,-0.0862,,
Table 3,2018,4,33105,30852,"Cincinnati, OH","Washington, DC (Metropolitan Area)",92350,156.66,130.84,85770,25.82,0.1973,6580,0.0767,,
Table 3,2018,4,33105,31714,"Cincinnati, OH","Fort Myers, FL",28050,203.46,169,27840,34.45,0.2039,210,0.0075,,
Table 3,2018,4,33342,30466,"Milwaukee, WI","Phoenix, AZ",70180,229.14,186.19,76450,42.95,0.2307,-6270,-0.082,,
Table 3,2018,4,33342,31650,"Milwaukee, WI","Minneapolis/St. Paul, MN",35280,242.53,196.96,37580,45.57,0.2314,-2300,-0.0612,,
Table 3,2018,4,33495,30198,"New Orleans, LA","Pittsburgh, PA",21020,215.61,184.86,21090,30.75,0.1664,-70,-0.0033,,
Table 3,2018,4,34100,34027,"Philadelphia, PA","West Palm Beach/Palm Beach, FL",52390,258.26,208.6,60660,49.66,0.2381,-8270,-0.1363,,
Table 3,2018,4,34100,34492,"Philadelphia, PA","Raleigh/Durham, NC",63350,223.54,191.11,68030,32.43,0.1697,-4680,-0.0688,,
Table 3,2018,4,34492,30852,"Raleigh/Durham, NC","Washington, DC (Metropolitan Area)",119100,177.59,149.52,123430,28.07,0.1877,-4330,-0.0351,,
Table 3,2018,4,34576,30852,"Rochester, NY","Washington, DC (Metropolitan Area)",30850,178.84,150.98,25790,27.86,0.1846,5060,0.1962,,
Table 3,2018,4,34614,32457,"Salt Lake City, UT","San Francisco, CA (Metropolitan Area)",196150,170.5,144.75,189500,25.74,0.1778,6650,0.0351,,
Table 3,2018,4,35412,31703,"Knoxville, TN","New York City, NY (Metropolitan Area)",42370,205.56,171.96,45270,33.6,0.1954,-2900,-0.0641,,
